timestamp,open,high,low,close,volume,t1,t2,t3,t3_delta
2026-05-31 04:13:00+00:00,0.345,0.3452,0.3445,0.3447,23281.3,38.85769767450467,0.33120615030332895,,
2026-05-31 04:14:00+00:00,0.3446,0.3446,0.3436,0.3445,59012.3,37.68526410356986,0.3289794136651547,,
2026-05-31 04:15:00+00:00,0.3446,0.3454,0.3445,0.3452,13308.7,44.22926140158424,0.31479352956580786,,
2026-05-31 04:16:00+00:00,0.3451,0.3451,0.3444,0.3444,10822.0,39.0251522574649,0.2988774132546282,,
2026-05-31 04:17:00+00:00,0.3443,0.3446,0.3436,0.3445,45323.6,40.005578845580054,0.2970876775033822,,
2026-05-31 04:18:00+00:00,0.3445,0.3447,0.3442,0.3446,14486.7,41.05861238137752,0.2666203247821594,,
2026-05-31 04:19:00+00:00,0.3446,0.3449,0.3438,0.3444,51565.7,39.51724733496924,0.27729933547022506,,
2026-05-31 04:20:00+00:00,0.3444,0.3446,0.3439,0.3445,15510.8,40.75289838535782,0.2624136804318058,,
2026-05-31 04:21:00+00:00,0.3445,0.3445,0.344,0.3444,7592.1,39.84834933725468,0.23902790454995845,,
2026-05-31 04:22:00+00:00,0.3443,0.3446,0.3431,0.3435,64067.4,32.61020624025487,0.2790595873700279,,
2026-05-31 04:23:00+00:00,0.3435,0.3459,0.3435,0.3457,91208.8,54.873387576093634,0.36067565695482445,,
2026-05-31 04:24:00+00:00,0.3457,0.346,0.3456,0.3459,12379.7,56.330639813613224,0.31150176261181084,,
2026-05-31 04:25:00+00:00,0.3458,0.3459,0.3453,0.3453,10945.0,50.85637111236749,0.2843868165361717,,
2026-05-31 04:26:00+00:00,0.3453,0.3453,0.3439,0.3439,18547.4,40.621701776155646,0.3098546501888698,,
2026-05-31 04:27:00+00:00,0.3439,0.3442,0.3435,0.3435,10632.9,38.18231771594451,0.28892929071313367,,
2026-05-31 04:28:00+00:00,0.3434,0.3439,0.3422,0.3425,129951.4,32.723707652553706,0.3310883768991787,,
2026-05-31 04:29:00+00:00,0.3425,0.3443,0.3423,0.3443,113489.8,47.68250614926055,0.3796637097600204,,
2026-05-31 04:30:00+00:00,0.3443,0.3444,0.3439,0.3441,10764.4,46.40856951671052,0.3329688236451613,,
2026-05-31 04:31:00+00:00,0.3441,0.3441,0.3429,0.3435,31148.7,42.61354037432616,0.3367093384950238,,
2026-05-31 04:32:00+00:00,0.3435,0.3435,0.3426,0.3432,47368.2,40.761727865986245,0.32205048431944283,,
2026-05-31 04:33:00+00:00,0.343,0.343,0.3406,0.3423,257433.2,35.60432665285071,0.4102313204053346,,
2026-05-31 04:34:00+00:00,0.3423,0.3431,0.3422,0.3429,22512.0,41.122483576335455,0.3801042425774193,,
2026-05-31 04:35:00+00:00,0.3428,0.3428,0.3421,0.3423,17476.3,37.54748629457525,0.3513590295759188,,
2026-05-31 04:36:00+00:00,0.3423,0.343,0.3423,0.3425,32697.2,39.49562291441755,0.3217989975447307,,
2026-05-31 04:37:00+00:00,0.3424,0.3426,0.342,0.3421,22159.2,36.935278715444724,0.29281767122845953,,
2026-05-31 04:38:00+00:00,0.3422,0.3429,0.3421,0.3424,38374.6,40.167529679619655,0.2807778629141477,,
2026-05-31 04:39:00+00:00,0.3424,0.3425,0.3415,0.342,60865.2,37.332838018635975,0.2833645386241033,,
2026-05-31 04:40:00+00:00,0.3419,0.3429,0.3419,0.3429,16346.1,46.7310428512077,0.2844226823200778,,
2026-05-31 04:41:00+00:00,0.3429,0.3429,0.3415,0.3418,40607.9,38.82401919214598,0.3101896729492185,,
2026-05-31 04:42:00+00:00,0.342,0.343,0.3418,0.3429,25344.3,48.50520188641686,0.31734693546583553,,
2026-05-31 04:43:00+00:00,0.343,0.3434,0.3426,0.3426,31139.9,46.285578796850515,0.30080155089605176,,
2026-05-31 04:44:00+00:00,0.3426,0.3426,0.3416,0.3417,24376.2,40.159801301246986,0.2998059381609303,,
2026-05-31 04:45:00+00:00,0.3417,0.3424,0.3411,0.3421,46053.0,43.83083569958643,0.31556548160090986,,
2026-05-31 04:46:00+00:00,0.3421,0.3433,0.342,0.3431,15212.9,52.00895003426707,0.3274962430910416,,
2026-05-31 04:47:00+00:00,0.3432,0.3433,0.3427,0.3431,15270.8,52.00895003426707,0.2969722203544998,,
2026-05-31 04:48:00+00:00,0.3431,0.3435,0.3429,0.3432,9849.8,52.85635950416102,0.2724735869548485,,
2026-05-31 04:49:00+00:00,0.3433,0.344,0.3429,0.344,16079.6,59.2520355463623,0.28142543033233436,,
2026-05-31 04:50:00+00:00,0.3441,0.3443,0.3435,0.3435,40461.6,54.15047420216715,0.2720473898907067,,
2026-05-31 04:51:00+00:00,0.3435,0.344,0.3435,0.3439,16327.9,57.410003719436084,0.24646299139856093,,
2026-05-31 04:52:00+00:00,0.344,0.3451,0.3435,0.3449,25701.2,64.43357214488545,0.2893792351219829,,
2026-05-31 04:53:00+00:00,0.345,0.3456,0.3444,0.345,99750.2,65.07354595528541,0.30100150305755996,,
2026-05-31 04:54:00+00:00,0.3453,0.3455,0.3449,0.3453,23199.9,67.04986861032197,0.2753443812449648,,
2026-05-31 04:55:00+00:00,0.3453,0.3456,0.3449,0.3451,33406.7,64.35253153936226,0.2609711152567654,,
2026-05-31 04:56:00+00:00,0.3451,0.3464,0.345,0.3455,78934.5,67.27780953557712,0.28957715050676713,,
2026-05-31 04:57:00+00:00,0.3455,0.346,0.3454,0.3459,26377.8,70.01208469604761,0.2660859335069969,,
2026-05-31 04:58:00+00:00,0.346,0.347,0.3459,0.347,39582.4,76.11139605144542,0.2755945231125532,,
2026-05-31 04:59:00+00:00,0.3469,0.3479,0.3466,0.3477,52305.3,79.11493461697911,0.2948088571068281,,
2026-05-31 05:00:00+00:00,0.3477,0.3478,0.3464,0.3467,46640.5,65.95257759895614,0.3172888136510977,,
2026-05-31 05:01:00+00:00,0.3467,0.3467,0.3459,0.3459,21245.8,57.455760871430805,0.30067425658938685,,
2026-05-31 05:02:00+00:00,0.3458,0.3465,0.3456,0.3463,43605.7,60.29741218886214,0.29223961964601286,,
2026-05-31 05:03:00+00:00,0.3462,0.3465,0.3455,0.3457,21866.6,54.25740075969101,0.29205109698215626,,
2026-05-31 05:04:00+00:00,0.3457,0.3464,0.3457,0.3461,30565.6,57.41706482885285,0.2738215873486989,,
2026-05-31 05:05:00+00:00,0.346,0.346,0.3449,0.3453,26949.6,49.77640162424721,0.2890695658995322,,
2026-05-31 05:06:00+00:00,0.3452,0.3458,0.3449,0.3458,44480.2,54.02503256349949,0.28297448491638805,,
2026-05-31 05:07:00+00:00,0.3457,0.3461,0.3454,0.3456,7791.5,52.06742878094668,0.2670198538983514,,
2026-05-31 05:08:00+00:00,0.3456,0.346,0.345,0.345,99921.6,46.45626674555141,0.27195840349511957,,
2026-05-31 05:09:00+00:00,0.345,0.3457,0.3443,0.3448,85633.0,44.67319061708703,0.2988994181109433,,
2026-05-31 05:10:00+00:00,0.3449,0.3449,0.3444,0.3445,7520.3,41.98727701188956,0.2683553425013719,,
2026-05-31 05:11:00+00:00,0.3443,0.345,0.3439,0.3449,38611.2,46.731968138319004,0.278221897342354,,
2026-05-31 05:12:00+00:00,0.345,0.3452,0.3445,0.3449,24816.4,46.73196813831901,0.2631689936639692,,
2026-05-31 05:13:00+00:00,0.3449,0.3453,0.3443,0.3453,17493.0,51.61725612496835,0.26821195694110167,,
2026-05-31 05:14:00+00:00,0.3453,0.3454,0.3447,0.3447,27504.9,44.77351655319508,0.25555808234815636,,
2026-05-31 05:15:00+00:00,0.3447,0.3448,0.3446,0.3447,11590.4,44.77351655319508,0.21605075946715158,,
2026-05-31 05:16:00+00:00,0.3447,0.3463,0.3447,0.3463,11974.2,61.554779157679995,0.26444746586965506,,
2026-05-31 05:17:00+00:00,0.3464,0.3469,0.3461,0.3465,57050.1,63.1115859946542,0.257611907487817,,
2026-05-31 05:18:00+00:00,0.3464,0.347,0.3462,0.3465,45967.9,63.1115859946542,0.25226557216629786,,
2026-05-31 05:19:00+00:00,0.3465,0.3473,0.3455,0.3458,85051.8,53.71314208349423,0.3063274048713078,,
2026-05-31 05:20:00+00:00,0.3459,0.3468,0.3459,0.3466,54466.1,61.07410891063269,0.3021996921050161,,
2026-05-31 05:21:00+00:00,0.3465,0.3472,0.3464,0.3467,13089.5,61.915301021046744,0.28783943070919915,,
2026-05-31 05:22:00+00:00,0.3467,0.3467,0.3462,0.3463,49877.8,56.489751022277645,0.2594142203335359,,
2026-05-31 05:23:00+00:00,0.3461,0.3461,0.345,0.3453,66129.9,45.431215097939024,0.2834292371885412,,
2026-05-31 05:24:00+00:00,0.3453,0.3453,0.3441,0.3449,55342.4,41.79484426458375,0.29659174392856535,,
2026-05-31 05:25:00+00:00,0.345,0.3456,0.3449,0.3456,8469.0,49.63364890343735,0.2773020659281552,,
2026-05-31 05:26:00+00:00,0.3455,0.346,0.3452,0.3452,19494.6,45.723881530613184,0.26844865349888675,,
2026-05-31 05:27:00+00:00,0.3452,0.3452,0.3445,0.3445,39906.1,39.65064119449559,0.2558339046451473,,
2026-05-31 05:28:00+00:00,0.3445,0.3451,0.3444,0.3451,50484.4,46.4275215274423,0.2448792353526609,,
2026-05-31 05:29:00+00:00,0.345,0.3454,0.345,0.3453,15461.2,48.56665631878169,0.21895817925329528,,
2026-05-31 05:30:00+00:00,0.3451,0.3452,0.3444,0.3447,13636.3,42.861790121215144,0.22769076715094438,,
2026-05-31 05:31:00+00:00,0.3447,0.345,0.3443,0.3444,41659.2,40.23605935218139,0.22296168974896632,,
2026-05-31 05:32:00+00:00,0.3444,0.3446,0.3435,0.3445,31548.9,41.56196233566008,0.24217824313391872,,
2026-05-31 05:33:00+00:00,0.3446,0.345,0.3444,0.3445,25433.1,41.56196233566008,0.22857568594399938,,
2026-05-31 05:34:00+00:00,0.3444,0.3445,0.3433,0.3436,20036.9,33.34273134664368,0.2531881811588062,,
2026-05-31 05:35:00+00:00,0.3435,0.3444,0.3433,0.3441,55059.4,40.59454228724594,0.26619112826774904,,
2026-05-31 05:36:00+00:00,0.344,0.345,0.3436,0.3449,46396.2,50.22204190709498,0.29364190718917105,,
2026-05-31 05:37:00+00:00,0.3449,0.3449,0.3435,0.3435,17730.8,38.188040088839124,0.3173847890295056,,
2026-05-31 05:38:00+00:00,0.3436,0.3436,0.3424,0.3424,68833.4,31.58154371005148,0.3248169977374674,,
2026-05-31 05:39:00+00:00,0.3425,0.3437,0.3422,0.3433,33681.9,40.87953227226884,0.34655948738784476,,
2026-05-31 05:40:00+00:00,0.3434,0.3444,0.3431,0.3441,22427.9,47.87571033309018,0.35216244584771006,,
2026-05-31 05:41:00+00:00,0.3442,0.3442,0.3437,0.3437,7424.9,44.92237222107248,0.31115297670339725,,
2026-05-31 05:42:00+00:00,0.3437,0.3437,0.3428,0.3428,9675.5,38.9201454145035,0.3020846629940675,,
2026-05-31 05:43:00+00:00,0.3427,0.343,0.342,0.3427,61022.0,38.28855765035547,0.300098330841824,,
2026-05-31 05:44:00+00:00,0.3428,0.343,0.3412,0.3422,67182.8,35.122143207502475,0.34563108820454397,,
2026-05-31 05:45:00+00:00,0.3421,0.3425,0.3419,0.342,14783.2,33.876994819018236,0.311754288616599,,
2026-05-31 05:46:00+00:00,0.342,0.3424,0.3417,0.3418,19753.6,32.593117592,0.29050899170714173,,
2026-05-31 05:47:00+00:00,0.3418,0.3425,0.3418,0.3425,5556.4,41.251572494659946,0.2728081129705154,,
2026-05-31 05:48:00+00:00,0.3425,0.3425,0.3417,0.3418,8957.8,36.099366390466216,0.26550445568730746,,
2026-05-31 05:49:00+00:00,0.3419,0.3423,0.3419,0.3421,11649.2,39.68650314192744,0.2414485190386944,,
2026-05-31 05:50:00+00:00,0.3421,0.3424,0.3419,0.3424,100095.5,43.227597755978145,0.22219518309144248,,
2026-05-31 05:51:00+00:00,0.3424,0.3425,0.3418,0.3419,97531.5,38.98856728260537,0.21896374540043462,,
2026-05-31 05:52:00+00:00,0.342,0.342,0.3412,0.3413,15884.9,34.48024901955314,0.22235852224414687,,
2026-05-31 05:53:00+00:00,0.3412,0.3425,0.3405,0.3425,67516.9,47.87441604939212,0.2940518858789544,,
2026-05-31 05:54:00+00:00,0.3425,0.3425,0.3419,0.3422,12088.1,45.30190394779689,0.27051495245714324,,
2026-05-31 05:55:00+00:00,0.3421,0.3425,0.342,0.3424,13063.9,47.39573263034416,0.2454911605860618,,
2026-05-31 05:56:00+00:00,0.3424,0.343,0.3424,0.3427,25721.3,50.5505836450378,0.2312370548810474,,
2026-05-31 05:57:00+00:00,0.343,0.3437,0.3427,0.3437,15655.8,59.538111733694954,0.24264169614835024,,
2026-05-31 05:58:00+00:00,0.3437,0.3437,0.3429,0.343,52490.1,52.16406257569596,0.24115673694737852,,
2026-05-31 05:59:00+00:00,0.3432,0.3437,0.343,0.343,31808.1,52.16406257569596,0.23374171608851377,,
2026-05-31 06:00:00+00:00,0.343,0.3432,0.3421,0.3422,21835.8,44.404383736370875,0.25172041757652835,,
2026-05-31 06:01:00+00:00,0.342,0.3426,0.3411,0.3414,46159.9,38.10607372253616,0.2897216798938208,,
2026-05-31 06:02:00+00:00,0.3414,0.3414,0.3395,0.34,131025.3,29.86838367459987,0.3444964270958808,,
2026-05-31 06:03:00+00:00,0.34,0.3408,0.3395,0.3405,35390.4,35.40928945278124,0.35155074352446086,,
2026-05-31 06:04:00+00:00,0.3405,0.341,0.3404,0.3409,33611.1,39.64774740321136,0.3161115357467411,,
2026-05-31 06:05:00+00:00,0.3408,0.3413,0.3406,0.3408,9194.1,38.93799174296521,0.2940432453898204,,
2026-05-31 06:06:00+00:00,0.3409,0.3415,0.3406,0.3414,19739.7,45.44837800265496,0.28754525607229314,,
2026-05-31 06:07:00+00:00,0.3415,0.3419,0.3411,0.3413,11281.0,44.56840568326262,0.27698318294305313,,
2026-05-31 06:08:00+00:00,0.3414,0.3416,0.3402,0.3403,26497.1,36.67778429528502,0.30451803782183806,,
2026-05-31 06:09:00+00:00,0.3402,0.3413,0.3402,0.3413,35742.6,47.08671909544093,0.30736006626609136,,
2026-05-31 06:10:00+00:00,0.3413,0.3413,0.3406,0.3407,7850.1,42.436258078120126,0.2874129512570976,,
2026-05-31 06:11:00+00:00,0.3408,0.3413,0.3407,0.3413,3184.0,48.128506206894535,0.26468583063180284,,
2026-05-31 06:12:00+00:00,0.3414,0.3414,0.3406,0.3407,47412.4,43.363963082445736,0.2590837076480974,,
2026-05-31 06:13:00+00:00,0.3408,0.3415,0.3408,0.341,7251.8,46.31644755088905,0.2540054409283457,,
2026-05-31 06:14:00+00:00,0.341,0.3415,0.341,0.3415,6313.3,51.04271536991348,0.23218941225549844,,
2026-05-31 06:15:00+00:00,0.3416,0.3416,0.3411,0.3412,1358.8,48.21295554167208,0.2152231753464308,,
2026-05-31 06:16:00+00:00,0.3411,0.3411,0.34,0.3403,53938.9,40.69301479402892,0.24315991167370363,,
2026-05-31 06:17:00+00:00,0.3402,0.3409,0.3398,0.3404,36662.1,41.81345381075113,0.25910062971224695,,
2026-05-31 06:18:00+00:00,0.3403,0.3407,0.3398,0.3406,49890.2,44.15785510946393,0.26000670429606376,,
2026-05-31 06:19:00+00:00,0.3407,0.3417,0.3407,0.3417,62052.0,55.19090794901839,0.27171971550070606,,
2026-05-31 06:20:00+00:00,0.3417,0.3418,0.3414,0.3414,12001.8,52.073210135705715,0.24099971127496553,,
2026-05-31 06:21:00+00:00,0.3414,0.3417,0.3413,0.3417,3734.9,54.90372009684473,0.2160428479467919,,
2026-05-31 06:22:00+00:00,0.3417,0.3418,0.3416,0.3417,9630.8,54.903720096844744,0.18454045336474864,,
2026-05-31 06:23:00+00:00,0.3418,0.3421,0.3415,0.3421,12730.2,58.899379347219494,0.18253720646532437,,
2026-05-31 06:24:00+00:00,0.3421,0.3426,0.3419,0.3423,62968.7,60.827594382087945,0.18684423799424674,,
2026-05-31 06:25:00+00:00,0.3422,0.3425,0.3416,0.3419,19830.5,55.084763104774225,0.20229723934584606,,
2026-05-31 06:26:00+00:00,0.3418,0.3419,0.3409,0.3412,6655.8,46.54087587944811,0.2207864622094837,,
2026-05-31 06:27:00+00:00,0.341,0.3412,0.3404,0.3412,17043.4,46.54087587944811,0.22352248746981573,,
2026-05-31 06:28:00+00:00,0.3411,0.3414,0.3409,0.3414,3825.9,49.3139374548888,0.20800438834142035,,
2026-05-31 06:29:00+00:00,0.3413,0.3415,0.3407,0.3407,10911.7,41.03590341298626,0.21370753901910536,,
2026-05-31 06:30:00+00:00,0.3407,0.3416,0.3404,0.3416,86272.7,52.440856702124684,0.2407732050206324,,
2026-05-31 06:31:00+00:00,0.3415,0.3419,0.3415,0.3416,60230.2,52.44085670212469,0.21603776776357594,,
2026-05-31 06:32:00+00:00,0.3417,0.3418,0.3411,0.3411,3076.9,46.29874691596502,0.21412723885789975,,
2026-05-31 06:33:00+00:00,0.341,0.3411,0.3406,0.3411,23844.4,46.29874691596502,0.20061870694677134,,
2026-05-31 06:34:00+00:00,0.3408,0.3411,0.3405,0.3408,16818.5,42.60259289244047,0.1958475139425902,,
2026-05-31 06:35:00+00:00,0.3407,0.3409,0.34,0.34,22436.7,34.453027676816205,0.20998784176854976,,
2026-05-31 06:36:00+00:00,0.3399,0.3404,0.3398,0.3403,11645.1,39.29179312747321,0.20310518060842,,
2026-05-31 06:37:00+00:00,0.3402,0.3404,0.3399,0.3401,18301.1,37.254618373272066,0.19198281202245301,,
2026-05-31 06:38:00+00:00,0.3399,0.3401,0.3392,0.3401,38023.8,37.254618373272066,0.20651185973263522,,
2026-05-31 06:39:00+00:00,0.34,0.3408,0.3398,0.3408,16818.8,48.73876064646659,0.22355559505884806,,
2026-05-31 06:40:00+00:00,0.3407,0.3407,0.3394,0.3399,9568.7,38.63653748247033,0.2616951969309932,,
2026-05-31 06:41:00+00:00,0.3398,0.3402,0.3397,0.34,18329.6,40.16760328899057,0.23870634691022255,,
2026-05-31 06:42:00+00:00,0.3401,0.3411,0.3399,0.34,163541.9,40.16760328899057,0.2615533128222977,,
2026-05-31 06:43:00+00:00,0.34,0.3405,0.34,0.3403,12047.0,45.22900563013994,0.238444023178563,,
2026-05-31 06:44:00+00:00,0.3402,0.3407,0.34,0.3404,21946.5,46.892890832483545,0.23182726460085656,,
2026-05-31 06:45:00+00:00,0.3405,0.3405,0.3394,0.3395,103322.9,35.96661230199057,0.25075464122564406,,
2026-05-31 06:46:00+00:00,0.3395,0.3401,0.3395,0.3398,32770.1,41.05357946764424,0.23574149663591737,,
2026-05-31 06:47:00+00:00,0.3397,0.34,0.3395,0.34,13290.2,44.329574452057244,0.21789402483972878,,
2026-05-31 06:48:00+00:00,0.3401,0.341,0.3401,0.3409,9568.6,56.435293421812084,0.23252324657203355,,
2026-05-31 06:49:00+00:00,0.3409,0.3419,0.3407,0.341,28816.8,57.57425865534053,0.25634527802089313,,
2026-05-31 06:50:00+00:00,0.341,0.3411,0.3401,0.3402,9561.3,46.71744801962255,0.2643474187069361,,
2026-05-31 06:51:00+00:00,0.3403,0.3406,0.3402,0.3405,8422.0,50.59894199839762,0.23478647129303956,,
2026-05-31 06:52:00+00:00,0.3406,0.3411,0.3406,0.3411,8558.1,57.481901570942696,0.22267908173621742,,
2026-05-31 06:53:00+00:00,0.3409,0.341,0.3404,0.3409,9404.3,54.66121713442264,0.21931554069867906,,
2026-05-31 06:54:00+00:00,0.3408,0.3409,0.3405,0.3406,4654.1,50.52873881575709,0.1990949332335375,,
2026-05-31 06:55:00+00:00,0.3406,0.3406,0.3398,0.3399,27391.7,42.24795807973217,0.20667663256097313,,
2026-05-31 06:56:00+00:00,0.34,0.3401,0.3393,0.3399,22099.3,42.24795807973218,0.21241397448067156,,
2026-05-31 06:57:00+00:00,0.3399,0.3401,0.3398,0.3398,11667.2,41.06114898528027,0.18763863431661174,,
2026-05-31 06:58:00+00:00,0.3398,0.34,0.3394,0.3395,18197.9,37.5454535704013,0.18558965052320656,,
2026-05-31 06:59:00+00:00,0.3394,0.3395,0.3381,0.3392,104755.8,34.28387710285299,0.2311502036618607,,
2026-05-31 07:00:00+00:00,0.3391,0.3399,0.3386,0.3392,29818.9,34.283877102853,0.26157110632571307,,
2026-05-31 07:01:00+00:00,0.3392,0.3392,0.3382,0.3387,13548.9,29.08506644292267,0.2686151030780795,,
2026-05-31 07:02:00+00:00,0.3387,0.339,0.3377,0.3385,29609.3,27.248628722931528,0.29182850319065545,,
2026-05-31 07:03:00+00:00,0.3386,0.3387,0.3366,0.3371,140969.5,18.274293740545264,0.359024499151674,,
2026-05-31 07:04:00+00:00,0.3372,0.3379,0.3372,0.3377,113788.5,29.353948403540812,0.33408861987332783,,
2026-05-31 07:05:00+00:00,0.3378,0.3383,0.3378,0.3379,12935.0,32.731600188750555,0.3026261661585618,,
2026-05-31 07:06:00+00:00,0.338,0.3387,0.3379,0.338,24225.2,34.47212633183197,0.2893665835384109,,
2026-05-31 07:07:00+00:00,0.3379,0.3385,0.3378,0.3383,7966.4,39.6750248052945,0.27267136916579066,,
2026-05-31 07:08:00+00:00,0.3382,0.3382,0.3374,0.3376,14880.2,32.90208815849838,0.2719069293573158,,
2026-05-31 07:09:00+00:00,0.3376,0.338,0.3373,0.338,9507.7,39.46348988822168,0.2586882351503685,,
2026-05-31 07:10:00+00:00,0.3381,0.3382,0.3378,0.3378,29602.0,37.430031402397574,0.2307557690487267,,
2026-05-31 07:11:00+00:00,0.338,0.3381,0.3369,0.3374,53191.6,33.58442187808812,0.25595565805491577,,
2026-05-31 07:12:00+00:00,0.3375,0.3377,0.3365,0.3373,35350.7,32.65254292826907,0.2759785094046322,,
2026-05-31 07:13:00+00:00,0.3373,0.338,0.3373,0.3374,21076.4,34.666791670261254,0.2622111469405651,,
2026-05-31 07:14:00+00:00,0.3374,0.3376,0.3369,0.3373,12584.9,33.55181592512005,0.2513371858351556,,
2026-05-31 07:15:00+00:00,0.3374,0.338,0.3373,0.3379,25193.2,45.283910640776966,0.24214509093151543,,
2026-05-31 07:16:00+00:00,0.3381,0.3389,0.3381,0.3388,10226.5,57.724256344025115,0.25223335590498014,,
2026-05-31 07:17:00+00:00,0.3389,0.3405,0.3389,0.3403,56313.4,70.25014389488123,0.3008090766514443,,
2026-05-31 07:18:00+00:00,0.3403,0.3405,0.3394,0.3394,26415.6,58.66269115035516,0.30610566596225725,,
2026-05-31 07:19:00+00:00,0.3394,0.3394,0.3386,0.3388,17797.5,52.27556197350053,0.2925437143508602,,
2026-05-31 07:20:00+00:00,0.3389,0.3396,0.3389,0.3395,15292.4,58.17825439412563,0.28068055475009596,,
2026-05-31 07:21:00+00:00,0.3395,0.34,0.3392,0.3392,22895.8,54.942338846912676,0.2719128498529674,,
2026-05-31 07:22:00+00:00,0.3393,0.3395,0.3386,0.3394,30473.1,56.72527992521411,0.2704368619213361,,
2026-05-31 07:23:00+00:00,0.3394,0.3395,0.3388,0.339,102716.8,52.14037840983623,0.2579027042739877,,
2026-05-31 07:24:00+00:00,0.339,0.3394,0.3385,0.3388,144863.6,49.8997036356564,0.2595726487576877,,
2026-05-31 07:25:00+00:00,0.3389,0.339,0.3378,0.3381,15876.9,42.754536618109384,0.27907296870536635,,
2026-05-31 07:26:00+00:00,0.3382,0.3395,0.3381,0.3395,18411.6,56.57304782817521,0.3048119486757812,,
2026-05-31 07:27:00+00:00,0.3396,0.3402,0.3394,0.3398,89901.0,58.93331176544735,0.2907207924083068,,
2026-05-31 07:28:00+00:00,0.34,0.3402,0.3394,0.3394,14980.2,54.54167961784818,0.27999275252879957,,
2026-05-31 07:29:00+00:00,0.3395,0.3402,0.3394,0.3395,20443.9,55.46356734857441,0.27105635395175287,,
2026-05-31 07:30:00+00:00,0.3393,0.3393,0.3382,0.3388,32719.3,47.90708117598461,0.29403455057053296,,
2026-05-31 07:31:00+00:00,0.3386,0.3387,0.3381,0.3386,18521.9,45.920930386195884,0.27671330356360546,,
2026-05-31 07:32:00+00:00,0.3386,0.3386,0.3373,0.3373,34245.5,35.33951172823447,0.29930655105042964,,
2026-05-31 07:33:00+00:00,0.3373,0.3379,0.3369,0.3375,19142.8,37.78991817126314,0.2985626066235495,,
2026-05-31 07:34:00+00:00,0.3375,0.3376,0.3369,0.3374,12680.8,37.01070901740836,0.2804146526033167,,
2026-05-31 07:35:00+00:00,0.3375,0.3376,0.3372,0.3374,14191.2,37.01070901740837,0.24804245118757398,,
2026-05-31 07:36:00+00:00,0.3375,0.3383,0.3374,0.3379,24681.1,44.12280597837863,0.2514105309989648,,
2026-05-31 07:37:00+00:00,0.3379,0.3389,0.3378,0.3389,16773.1,55.33077357460421,0.26545085494139853,,
2026-05-31 07:38:00+00:00,0.3389,0.3392,0.3383,0.3385,23970.9,50.80190462044639,0.26578740263430484,,
2026-05-31 07:39:00+00:00,0.3385,0.3385,0.337,0.3378,166783.7,43.82669487213734,0.30188048736935996,,
2026-05-31 07:40:00+00:00,0.3378,0.3386,0.3375,0.3386,5890.4,52.16654858437369,0.3059072147273941,,
2026-05-31 07:41:00+00:00,0.3387,0.3389,0.3384,0.3387,28360.3,53.132963124019064,0.2741781704321125,,
2026-05-31 07:42:00+00:00,0.3386,0.3388,0.3382,0.3382,18070.8,47.771002870788564,0.2551487790073477,,
2026-05-31 07:43:00+00:00,0.3381,0.3382,0.337,0.3373,32653.4,39.74849365682915,0.2758169393662247,,
2026-05-31 07:44:00+00:00,0.3372,0.3376,0.3371,0.3376,14600.6,43.27662056781484,0.2500783261806341,,
2026-05-31 07:45:00+00:00,0.3375,0.3377,0.3372,0.3377,5724.5,44.48070371605388,0.2296154999551841,,
2026-05-31 07:46:00+00:00,0.3377,0.3383,0.3375,0.3381,14237.8,49.26702848296142,0.23079835394230075,,
2026-05-31 07:47:00+00:00,0.3381,0.3383,0.3377,0.338,9384.4,48.11481091306348,0.22019626856305705,,
2026-05-31 07:48:00+00:00,0.3379,0.3381,0.3373,0.3373,9158.1,40.70970015282788,0.22395811153113282,,
2026-05-31 07:49:00+00:00,0.3372,0.3377,0.337,0.3372,12202.1,39.73890385946171,0.220738009536063,,
2026-05-31 07:50:00+00:00,0.3372,0.338,0.3372,0.3378,38214.6,48.005001268319276,0.2236420528491676,,
2026-05-31 07:51:00+00:00,0.3377,0.3379,0.337,0.3374,49848.3,43.57719144361093,0.23247489141066446,,
2026-05-31 07:52:00+00:00,0.3373,0.3375,0.3371,0.3375,17092.3,44.986699853852336,0.20962851167279045,,
2026-05-31 07:53:00+00:00,0.3375,0.3382,0.3374,0.3378,12997.1,49.21555156637055,0.21491917747677292,,
2026-05-31 07:54:00+00:00,0.3378,0.3387,0.3378,0.3387,16011.9,59.57399177691054,0.22462284771574653,,
2026-05-31 07:55:00+00:00,0.3387,0.3392,0.3384,0.3385,39156.3,56.717545699481995,0.2270718074359206,,
2026-05-31 07:56:00+00:00,0.3386,0.3389,0.3383,0.3384,5304.9,55.24592108727149,0.21717212013489096,,
2026-05-31 07:57:00+00:00,0.3383,0.3387,0.338,0.3385,10351.8,56.50000419655199,0.21504530683284262,,
2026-05-31 07:58:00+00:00,0.3384,0.3393,0.3384,0.3393,8516.9,65.17440872501817,0.22468101706552912,,
2026-05-31 07:59:00+00:00,0.3393,0.3396,0.3388,0.3395,22575.5,67.00222528946475,0.2267670552938665,,
2026-05-31 08:00:00+00:00,0.3396,0.3396,0.3389,0.3392,52912.0,61.61267048378457,0.22284767752893522,,
2026-05-31 08:01:00+00:00,0.339,0.339,0.3383,0.3383,19871.0,48.58552387112488,0.23195963870603636,,
2026-05-31 08:02:00+00:00,0.3384,0.3385,0.3376,0.3376,48457.9,41.07939044681035,0.23927001368306255,,
2026-05-31 08:03:00+00:00,0.3376,0.3382,0.3373,0.3381,57521.2,47.514793538978914,0.24437162169630816,,
2026-05-31 08:04:00+00:00,0.3382,0.34,0.3382,0.34,100713.5,64.07971509414348,0.30616951834240497,,
2026-05-31 08:05:00+00:00,0.3401,0.3403,0.3394,0.3398,8810.9,61.798509846517526,0.29805211591858266,,
2026-05-31 08:06:00+00:00,0.3398,0.3399,0.3391,0.3392,27231.4,55.24309018707876,0.28603327591776784,,
2026-05-31 08:07:00+00:00,0.3394,0.3394,0.3385,0.3389,10379.2,52.168693178352,0.2821421946091609,,
2026-05-31 08:08:00+00:00,0.3389,0.339,0.3387,0.3389,18356.1,52.168693178352,0.24341809325003289,,
2026-05-31 08:09:00+00:00,0.339,0.3397,0.3388,0.3397,37118.4,59.57520217514168,0.24726380171312673,,
2026-05-31 08:10:00+00:00,0.3397,0.3398,0.3388,0.3389,8981.9,50.82984444069153,0.25729244837285137,,
2026-05-31 08:11:00+00:00,0.3388,0.3388,0.3379,0.3385,56904.0,46.99709390338383,0.26516138435110037,,
2026-05-31 08:12:00+00:00,0.3385,0.3387,0.3382,0.3385,8860.9,46.99709390338383,0.24167120496980204,,
2026-05-31 08:13:00+00:00,0.3384,0.3387,0.3382,0.3383,16842.6,44.90688501981519,0.22301082561579194,,
2026-05-31 08:14:00+00:00,0.3382,0.3384,0.3376,0.3384,29502.3,46.23532878402807,0.22563726313433002,,
2026-05-31 08:15:00+00:00,0.3384,0.3384,0.3379,0.3379,10578.5,40.7733530214325,0.21037147048157986,,
2026-05-31 08:16:00+00:00,0.3378,0.3379,0.3372,0.3377,42031.4,38.73937653850222,0.2098537634011852,,
2026-05-31 08:17:00+00:00,0.3377,0.3382,0.3375,0.3381,16916.3,44.85274897774503,0.20909225885969762,,
2026-05-31 08:18:00+00:00,0.3382,0.3385,0.3379,0.3383,4088.9,47.74953930223097,0.20264639129876416,,
2026-05-31 08:19:00+00:00,0.3383,0.3384,0.3379,0.3379,46755.3,42.75837495706153,0.19190357899111435,,
2026-05-31 08:20:00+00:00,0.3379,0.3385,0.3378,0.3383,7105.8,48.7147575771284,0.19472472797185547,,
2026-05-31 08:21:00+00:00,0.3384,0.3384,0.3374,0.3375,21806.0,39.56568952127502,0.215408297417194,,
2026-05-31 08:22:00+00:00,0.3373,0.3374,0.3371,0.3371,23059.1,35.82750782336183,0.1962629495776998,,
2026-05-31 08:23:00+00:00,0.3371,0.3378,0.3368,0.3378,28685.7,45.78706690136402,0.21589162889909444,,
2026-05-31 08:24:00+00:00,0.3377,0.338,0.337,0.337,4374.8,38.24898924692759,0.2324704860346923,,
2026-05-31 08:25:00+00:00,0.3371,0.3376,0.3367,0.3373,17151.8,42.21301594266661,0.23917593547273433,,
2026-05-31 08:26:00+00:00,0.3372,0.3376,0.3371,0.3373,4923.6,42.21301594266661,0.22098794671794436,,
2026-05-31 08:27:00+00:00,0.3373,0.3373,0.3367,0.337,12298.8,39.11323358147575,0.212556046119792,,
2026-05-31 08:28:00+00:00,0.3369,0.338,0.3366,0.3376,12878.5,47.65499695844451,0.2526810131335787,,
2026-05-31 08:29:00+00:00,0.3375,0.338,0.3374,0.338,16902.1,52.58252682265837,0.23740854445892848,,
2026-05-31 08:30:00+00:00,0.3379,0.3386,0.3376,0.3386,101885.6,59.01307661385579,0.2486570301881107,,
2026-05-31 08:31:00+00:00,0.3386,0.3393,0.3383,0.3388,64976.9,60.97330944522922,0.25784007183398894,,
2026-05-31 08:32:00+00:00,0.3389,0.3391,0.3379,0.3379,43256.9,49.20658531815696,0.2778483961819622,,
2026-05-31 08:33:00+00:00,0.338,0.338,0.3376,0.3376,12531.8,45.924171236624794,0.24617292196655285,,
2026-05-31 08:34:00+00:00,0.3376,0.3383,0.3376,0.338,11766.1,50.78758320778655,0.2381253927950478,,
2026-05-31 08:35:00+00:00,0.3381,0.3384,0.3381,0.3381,3991.4,51.987064918048546,0.2141056084347236,,
2026-05-31 08:36:00+00:00,0.3381,0.3381,0.3373,0.3379,29891.8,49.31594268547448,0.21873715587281592,,
2026-05-31 08:37:00+00:00,0.3379,0.338,0.3378,0.338,2768.0,50.72255413376139,0.18677227211698305,,
2026-05-31 08:38:00+00:00,0.3378,0.3378,0.3366,0.3367,27839.3,36.20789372872032,0.23315480362468807,,
2026-05-31 08:39:00+00:00,0.3367,0.3368,0.3362,0.3367,69195.2,36.20789372872032,0.22216387853978545,,
2026-05-31 08:40:00+00:00,0.3368,0.3369,0.3363,0.3364,43205.7,33.47850900485446,0.21356142188904992,,
2026-05-31 08:41:00+00:00,0.3364,0.3365,0.3344,0.3354,144395.9,26.171674898056096,0.29658214030644614,,
2026-05-31 08:42:00+00:00,0.3354,0.3373,0.3354,0.3369,68375.0,45.86403509004118,0.34900243362132943,,
2026-05-31 08:43:00+00:00,0.3368,0.3371,0.3358,0.3364,78698.7,41.740509132303835,0.3569058736909072,,
2026-05-31 08:44:00+00:00,0.3364,0.3368,0.3364,0.3366,8983.9,43.97904700386997,0.30912212931579663,,
2026-05-31 08:45:00+00:00,0.3366,0.3368,0.3364,0.3366,3271.9,43.97904700386997,0.27106478604325007,,
2026-05-31 08:46:00+00:00,0.3365,0.3366,0.3358,0.336,64169.0,38.50011375086522,0.2648581118622822,,
2026-05-31 08:47:00+00:00,0.3361,0.3364,0.336,0.336,23678.0,38.50011375086522,0.23569601329934695,,
2026-05-31 08:48:00+00:00,0.3359,0.3363,0.3357,0.3357,37021.6,35.75081974475754,0.22447151735139784,,
2026-05-31 08:49:00+00:00,0.3357,0.3359,0.3355,0.3355,16318.6,33.95473922128843,0.20352927183275865,,
2026-05-31 08:50:00+00:00,0.3355,0.3357,0.3349,0.3357,97673.3,37.446533670627716,0.2103880147748373,,
2026-05-31 08:51:00+00:00,0.3358,0.3362,0.3358,0.3362,15893.0,45.45677054074037,0.19780429877433164,,
2026-05-31 08:52:00+00:00,0.3362,0.3365,0.3357,0.3357,44756.1,39.794683701296876,0.20614073338797945,,
2026-05-31 08:53:00+00:00,0.3356,0.336,0.3355,0.3359,6948.3,42.952811325774285,0.19458516034139856,,
2026-05-31 08:54:00+00:00,0.3359,0.3359,0.3356,0.3359,8846.9,42.952811325774285,0.17353058733831486,,
2026-05-31 08:55:00+00:00,0.3357,0.3364,0.3353,0.3362,23325.3,48.00376062074185,0.20413783292549606,,
2026-05-31 08:56:00+00:00,0.3363,0.337,0.3362,0.337,40804.3,58.809649006171796,0.2104003309900352,,
2026-05-31 08:57:00+00:00,0.3369,0.3379,0.3369,0.3375,50707.1,64.00451219186324,0.22733016069604,,
2026-05-31 08:58:00+00:00,0.3375,0.3375,0.3369,0.3369,8515.9,54.79097511596749,0.2178068963726082,,
2026-05-31 08:59:00+00:00,0.337,0.3377,0.337,0.3377,13464.9,62.737602016093696,0.22121206606557842,,
2026-05-31 09:00:00+00:00,0.3378,0.338,0.3375,0.3378,16587.3,63.62561805439165,0.20652057953900732,,
2026-05-31 09:01:00+00:00,0.3377,0.3377,0.3368,0.3368,13402.7,50.30513877053152,0.2250894341289233,,
2026-05-31 09:02:00+00:00,0.3368,0.3369,0.336,0.336,13502.6,42.41239334081994,0.23407171765385776,,
2026-05-31 09:03:00+00:00,0.3359,0.3364,0.3356,0.3361,38964.3,43.64053955650631,0.23480653884366656,,
2026-05-31 09:04:00+00:00,0.336,0.3364,0.3352,0.3357,29697.5,39.86220949339216,0.2595614601259596,,
2026-05-31 09:05:00+00:00,0.3358,0.3359,0.3354,0.3354,7455.9,37.17973946322717,0.2376500469034816,,
2026-05-31 09:06:00+00:00,0.3356,0.336,0.3354,0.3356,10570.6,40.16246594759027,0.22576358934786375,,
2026-05-31 09:07:00+00:00,0.3357,0.3357,0.3349,0.3349,7205.4,33.90251233804269,0.22876383537806785,,
2026-05-31 09:08:00+00:00,0.335,0.3356,0.335,0.3353,41199.4,39.85464096784413,0.2245463965836344,,
2026-05-31 09:09:00+00:00,0.3354,0.3358,0.3354,0.3355,7568.0,42.720243885406475,0.2093362903713684,,
2026-05-31 09:10:00+00:00,0.3354,0.3355,0.3348,0.3351,20205.7,38.63019690118318,0.2094475092082243,,
2026-05-31 09:11:00+00:00,0.3352,0.3354,0.3348,0.335,21644.2,37.62945967539421,0.20342892020459866,,
2026-05-31 09:12:00+00:00,0.335,0.336,0.3344,0.3357,28942.1,48.08890900398446,0.2577269902139808,,
2026-05-31 09:13:00+00:00,0.3356,0.3358,0.3354,0.3357,24240.9,48.08890900398446,0.23001239348187943,,
2026-05-31 09:14:00+00:00,0.3356,0.3357,0.335,0.3351,58352.3,40.84126730307315,0.22611795999251896,,
2026-05-31 09:15:00+00:00,0.3349,0.3362,0.3348,0.3359,44186.5,51.6392178508702,0.2638216811991507,,
2026-05-31 09:16:00+00:00,0.3361,0.3365,0.336,0.3363,7096.6,56.09164790153706,0.24648873675836067,,
2026-05-31 09:17:00+00:00,0.3361,0.3367,0.336,0.3365,8454.2,58.22820461782213,0.23867854305339944,,
2026-05-31 09:18:00+00:00,0.3366,0.337,0.3366,0.3366,14574.6,59.32770025949223,0.220594960754531,,
2026-05-31 09:19:00+00:00,0.3366,0.3371,0.3361,0.3371,29387.0,64.51647296651214,0.23554378828828276,,
2026-05-31 09:20:00+00:00,0.3371,0.3375,0.3362,0.3366,78882.2,56.5066491678444,0.2659579584836143,,
2026-05-31 09:21:00+00:00,0.3366,0.3369,0.3366,0.3367,3928.3,57.674381080591544,0.23052319293277992,,
2026-05-31 09:22:00+00:00,0.3368,0.3373,0.3366,0.3373,35557.4,64.10010673422065,0.2255965824143883,,
2026-05-31 09:23:00+00:00,0.3373,0.3373,0.3363,0.3364,14316.6,51.15618779345672,0.2404131444669993,,
2026-05-31 09:24:00+00:00,0.3365,0.3368,0.3362,0.3367,6397.0,54.55501606435771,0.2277991845528917,,
2026-05-31 09:25:00+00:00,0.3367,0.3369,0.3364,0.3369,5043.3,56.78265101805482,0.21181355996190832,,
2026-05-31 09:26:00+00:00,0.3369,0.3372,0.3368,0.3372,15682.9,60.046719510869096,0.19302488339541446,,
2026-05-31 09:27:00+00:00,0.3373,0.3375,0.3371,0.3372,15036.0,60.046719510869096,0.17814469912439868,,
2026-05-31 09:28:00+00:00,0.3372,0.3374,0.3365,0.3369,16749.7,54.92531933575816,0.1960709825936388,,
2026-05-31 09:29:00+00:00,0.337,0.338,0.337,0.3378,14797.8,64.90333214364603,0.2215661670474791,,
2026-05-31 09:30:00+00:00,0.3378,0.3381,0.3374,0.3376,20451.2,61.539676089141224,0.21882713561288933,,
2026-05-31 09:31:00+00:00,0.3375,0.3378,0.3374,0.3377,8977.3,62.61603580205417,0.19869953445759364,,
2026-05-31 09:32:00+00:00,0.3377,0.3378,0.3374,0.3374,15474.7,57.27316777944862,0.1828116959960395,,
2026-05-31 09:33:00+00:00,0.3373,0.3373,0.337,0.337,4687.6,50.84570752770827,0.17016181894139495,,
2026-05-31 09:34:00+00:00,0.3369,0.3372,0.3367,0.3368,10983.2,47.86167480340867,0.16590150352315944,,
2026-05-31 09:35:00+00:00,0.3366,0.3366,0.3358,0.3358,11749.1,36.093568078595574,0.19267570312471738,,
2026-05-31 09:36:00+00:00,0.3357,0.3364,0.3354,0.3364,31779.9,45.09371337292081,0.21331867089008352,,
2026-05-31 09:37:00+00:00,0.3364,0.3368,0.3363,0.3366,11730.9,47.815670579502196,0.2002623907009485,,
2026-05-31 09:38:00+00:00,0.3368,0.3374,0.3367,0.3374,4903.7,57.237580926393136,0.20725150138693177,,
2026-05-31 09:39:00+00:00,0.3374,0.3379,0.3372,0.3379,9946.6,62.00187475751544,0.20698823691731338,,
2026-05-31 09:40:00+00:00,0.3379,0.3399,0.3378,0.3393,120898.2,71.78256204244632,0.2886916009533981,,
2026-05-31 09:41:00+00:00,0.3393,0.3395,0.3382,0.3382,50077.5,58.611713347049744,0.3085820466078972,,
2026-05-31 09:42:00+00:00,0.3381,0.3392,0.3381,0.3387,21138.8,62.121808212689004,0.3114554429590566,,
2026-05-31 09:43:00+00:00,0.3387,0.3387,0.338,0.3382,4911.0,56.77205766865276,0.2909283466120211,,
2026-05-31 09:44:00+00:00,0.338,0.3384,0.3378,0.3381,26777.8,55.706004322091204,0.26830397355619107,,
2026-05-31 09:45:00+00:00,0.3381,0.3387,0.3379,0.3387,6068.2,60.63404047419794,0.2615023878579245,,
2026-05-31 09:46:00+00:00,0.3387,0.3387,0.338,0.3386,16547.7,59.410002650225366,0.2506104164618511,,
2026-05-31 09:47:00+00:00,0.3385,0.3385,0.3382,0.3384,5217.0,56.85925789573479,0.22424748703069286,,
2026-05-31 09:48:00+00:00,0.3384,0.339,0.3382,0.339,22292.0,62.260376770003965,0.22627811117684254,,
2026-05-31 09:49:00+00:00,0.339,0.3396,0.3389,0.3396,22547.6,66.86915795103079,0.22192763177609062,,
2026-05-31 09:50:00+00:00,0.3394,0.3396,0.3385,0.3388,72401.6,56.62466632533738,0.24289639610663546,,
2026-05-31 09:51:00+00:00,0.3386,0.3386,0.3377,0.3377,7252.5,45.88490594088807,0.26009665146799604,,
2026-05-31 09:52:00+00:00,0.3376,0.3376,0.3366,0.3368,28202.5,39.136804350996684,0.27395401235330646,,
2026-05-31 09:53:00+00:00,0.3367,0.3368,0.3357,0.3357,49910.6,32.62164190534045,0.28541605328708575,,
2026-05-31 09:54:00+00:00,0.3358,0.3366,0.3356,0.3365,22800.6,40.61081847934409,0.2872253648462994,,
2026-05-31 09:55:00+00:00,0.3363,0.3367,0.336,0.3364,19691.0,39.95286225801753,0.27146572002563435,,
2026-05-31 09:56:00+00:00,0.3363,0.3363,0.3355,0.3358,18733.4,36.05821426459028,0.27116395048629494,,
2026-05-31 09:57:00+00:00,0.3358,0.3361,0.3349,0.3352,19802.4,32.5343443861666,0.28891850733484176,,
2026-05-31 09:58:00+00:00,0.3351,0.336,0.335,0.3359,68758.9,40.12013329637114,0.29019466188422505,,
2026-05-31 09:59:00+00:00,0.3359,0.3375,0.3358,0.3373,27327.2,52.09093396308597,0.3319926164883773,,
2026-05-31 10:00:00+00:00,0.3374,0.3374,0.3369,0.3369,8515.5,48.98229053116399,0.29559183031529757,,
2026-05-31 10:01:00+00:00,0.337,0.3372,0.3364,0.3366,11705.5,46.661753133626554,0.28421839009678984,,
2026-05-31 10:02:00+00:00,0.3368,0.3368,0.336,0.3363,16432.0,44.328356319410595,0.27515411265317546,,
2026-05-31 10:03:00+00:00,0.3363,0.3366,0.3359,0.3359,6023.9,41.27085113861945,0.2620644908252784,,
2026-05-31 10:04:00+00:00,0.3359,0.3367,0.3358,0.3362,21407.3,44.4630250774207,0.2630040748797413,,
2026-05-31 10:05:00+00:00,0.3363,0.3363,0.3358,0.3361,32105.2,43.58559591456647,0.24021891097784953,,
2026-05-31 10:06:00+00:00,0.3362,0.3363,0.3352,0.3354,28255.4,37.78597946858739,0.25816953125737624,,
2026-05-31 10:07:00+00:00,0.3354,0.3356,0.335,0.3354,35741.9,37.78597946858739,0.2423138003189594,,
2026-05-31 10:08:00+00:00,0.3355,0.3364,0.3355,0.3364,26355.7,49.611155733932236,0.25272782075381456,,
2026-05-31 10:09:00+00:00,0.3363,0.3365,0.3362,0.3363,13007.6,48.58507918869102,0.22008358941798103,,
2026-05-31 10:10:00+00:00,0.3364,0.3364,0.3359,0.3362,12388.9,47.49365518420915,0.20586344109760152,,
2026-05-31 10:11:00+00:00,0.3362,0.3369,0.3361,0.3368,8255.4,54.33282618736032,0.21190329904278576,,
2026-05-31 10:12:00+00:00,0.3369,0.3369,0.3359,0.3363,11161.3,48.48522991817722,0.22924539070499025,,
2026-05-31 10:13:00+00:00,0.3363,0.3363,0.3359,0.3362,11084.0,47.352706025787526,0.20724622223459488,,
2026-05-31 10:14:00+00:00,0.3362,0.3363,0.3359,0.3361,19566.3,46.15482815380384,0.18964874719493266,,
2026-05-31 10:15:00+00:00,0.336,0.336,0.3355,0.3356,13145.2,40.46757666418909,0.18770189256785838,,
2026-05-31 10:16:00+00:00,0.3356,0.3359,0.335,0.3351,25056.5,35.594278541469606,0.20410087769805355,,
2026-05-31 10:17:00+00:00,0.3351,0.3358,0.3349,0.335,28710.4,34.66656461889837,0.21706078595013262,,
2026-05-31 10:18:00+00:00,0.3349,0.3351,0.3346,0.3348,43588.2,32.768636597217004,0.20362093976892343,,
2026-05-31 10:19:00+00:00,0.3347,0.3347,0.333,0.334,167210.1,26.35565222178998,0.2710713548134964,,
2026-05-31 10:20:00+00:00,0.3341,0.3347,0.3337,0.3341,50668.8,28.30442701367441,0.2766544926853226,,
2026-05-31 10:21:00+00:00,0.334,0.3345,0.3334,0.3336,12292.1,24.676683903998377,0.28760255636970605,,
2026-05-31 10:22:00+00:00,0.3337,0.3342,0.3332,0.3339,77475.0,30.606103361096125,0.28977349578900025,,
2026-05-31 10:23:00+00:00,0.334,0.3341,0.3331,0.3333,27559.3,26.049246433428863,0.29224211279675294,,
2026-05-31 10:24:00+00:00,0.3333,0.334,0.333,0.3339,27386.8,36.546390854103514,0.2932717488952567,,
2026-05-31 10:25:00+00:00,0.3339,0.3343,0.3337,0.3343,13046.2,42.58353128940782,0.2702325742294369,,
2026-05-31 10:26:00+00:00,0.3342,0.3342,0.3332,0.3332,13889.6,32.992242467594195,0.28292616942353066,,
2026-05-31 10:27:00+00:00,0.3331,0.3331,0.3322,0.3326,111309.6,29.029539673813158,0.2868815385494178,,
2026-05-31 10:28:00+00:00,0.3325,0.333,0.3322,0.3327,71163.5,30.573760996673528,0.27752762181313356,,
2026-05-31 10:29:00+00:00,0.3327,0.3329,0.3323,0.3324,7323.2,28.506236996666935,0.25832356143737484,,
2026-05-31 10:30:00+00:00,0.3325,0.333,0.3321,0.3328,34678.7,35.01653386590739,0.2604969995715955,,
2026-05-31 10:31:00+00:00,0.3328,0.333,0.3325,0.3325,12651.6,32.54674963408963,0.2386608155366664,,
2026-05-31 10:32:00+00:00,0.3326,0.3329,0.3326,0.3328,18985.8,37.4488128309644,0.21479500280274155,,
2026-05-31 10:33:00+00:00,0.3328,0.333,0.3321,0.3322,25524.2,32.2418604686556,0.2263305886399824,,
2026-05-31 10:34:00+00:00,0.3322,0.3325,0.3317,0.3318,126349.6,29.231221082692855,0.22950457274551594,,
2026-05-31 10:35:00+00:00,0.3318,0.3318,0.3251,0.3282,1056254.7,15.116204320881657,0.5939052217841847,,
2026-05-31 10:36:00+00:00,0.3282,0.3293,0.3281,0.3283,92448.3,16.362696203006415,0.5480833232764396,,
2026-05-31 10:37:00+00:00,0.3283,0.3289,0.3281,0.3286,37841.3,20.265611073390982,0.48675777244468815,,
2026-05-31 10:38:00+00:00,0.3287,0.329,0.3285,0.329,117171.7,25.42144862204597,0.4193279125235856,,
2026-05-31 10:39:00+00:00,0.329,0.3296,0.329,0.3293,33585.1,29.2346768810113,0.3715976513094671,,
2026-05-31 10:40:00+00:00,0.3292,0.3298,0.3291,0.3293,54602.3,29.2346768810113,0.3397925455844688,,
2026-05-31 10:41:00+00:00,0.3293,0.3298,0.3291,0.3293,61732.5,29.2346768810113,0.31434846100447017,,
2026-05-31 10:42:00+00:00,0.3293,0.3295,0.3291,0.3293,32327.7,29.2346768810113,0.27577272568180333,,
2026-05-31 10:43:00+00:00,0.3294,0.3306,0.3294,0.3305,121959.1,46.051624892641215,0.2984858301168373,,
2026-05-31 10:44:00+00:00,0.3304,0.3305,0.3297,0.3305,72164.0,46.051624892641215,0.2872001618241823,,
2026-05-31 10:45:00+00:00,0.3304,0.3304,0.3297,0.33,47547.9,41.0352754726224,0.27859309935246745,,
2026-05-31 10:46:00+00:00,0.3301,0.3304,0.33,0.3302,25294.5,43.758103787387135,0.24696722661735807,,
2026-05-31 10:47:00+00:00,0.3302,0.3308,0.3302,0.3304,40136.6,46.502933721042346,0.2337737971647733,,
2026-05-31 10:48:00+00:00,0.3304,0.3304,0.33,0.33,6678.3,41.952991261193404,0.21148815171694882,,
2026-05-31 10:49:00+00:00,0.3299,0.3312,0.3299,0.3309,31024.2,53.3611043870619,0.2473039348844782,,
2026-05-31 10:50:00+00:00,0.3311,0.3313,0.3306,0.3312,224782.1,56.52559530814173,0.23993447355863118,,
2026-05-31 10:51:00+00:00,0.3312,0.3324,0.3308,0.3321,322076.6,64.54454372751674,0.2877839148271446,,
2026-05-31 10:52:00+00:00,0.332,0.3333,0.3319,0.3333,60264.3,72.15385133325759,0.31340663213704184,,
2026-05-31 10:53:00+00:00,0.3333,0.3334,0.332,0.332,174044.3,57.34077617644483,0.33604441082234926,,
2026-05-31 10:54:00+00:00,0.3319,0.3325,0.3319,0.3325,28411.1,60.781580238060116,0.30452149026892283,,
2026-05-31 10:55:00+00:00,0.3325,0.3326,0.332,0.3325,9693.5,60.781580238060116,0.27970741777904745,,
2026-05-31 10:56:00+00:00,0.3324,0.3328,0.3324,0.3327,3994.6,62.283854637002264,0.24767710588886943,,
2026-05-31 10:57:00+00:00,0.3328,0.3334,0.3327,0.3334,17686.9,67.17381288851708,0.23971727205573204,,
2026-05-31 10:58:00+00:00,0.3334,0.3334,0.3328,0.3329,10807.2,60.90663644729716,0.22810871373597072,,
2026-05-31 10:59:00+00:00,0.3329,0.333,0.3326,0.3326,5487.2,57.3401584342897,0.20670448779965103,,
2026-05-31 11:00:00+00:00,0.3326,0.3334,0.3324,0.3329,14075.3,59.94617076945359,0.22529267081325077,,
2026-05-31 11:01:00+00:00,0.333,0.3333,0.333,0.333,5132.2,60.832348828313,0.20420403630926473,,
2026-05-31 11:02:00+00:00,0.3332,0.3343,0.3332,0.3339,33544.4,67.92814364999231,0.24079052193107967,,
2026-05-31 11:03:00+00:00,0.3338,0.3343,0.3333,0.3333,33300.8,59.89100675062473,0.2529851911738074,,
2026-05-31 11:04:00+00:00,0.3332,0.3333,0.3322,0.3327,43643.5,52.93228101988666,0.2688787838129961,,
2026-05-31 11:05:00+00:00,0.3328,0.3329,0.3322,0.3323,28862.8,48.737604126470075,0.25749255822951134,,
2026-05-31 11:06:00+00:00,0.3323,0.333,0.3323,0.3329,9162.2,54.71827151589842,0.24767744571863617,,
2026-05-31 11:07:00+00:00,0.3329,0.333,0.3327,0.3328,3845.2,53.5610771968809,0.21623034057628496,,
2026-05-31 11:08:00+00:00,0.3328,0.333,0.3326,0.3326,7753.8,51.15690446949801,0.19714120828331427,,
2026-05-31 11:09:00+00:00,0.3326,0.3329,0.3316,0.3321,89093.8,45.48554395183733,0.23624008641982422,,
2026-05-31 11:10:00+00:00,0.3322,0.3328,0.3322,0.3328,41309.6,53.50389550118291,0.2306618574519786,,
2026-05-31 11:11:00+00:00,0.3329,0.3334,0.3327,0.3332,16081.6,57.47521625814359,0.22632476869151966,,
2026-05-31 11:12:00+00:00,0.3332,0.3335,0.333,0.3334,5861.5,59.401650842130714,0.21094520198683708,,
2026-05-31 11:13:00+00:00,0.3333,0.3336,0.3332,0.3336,6809.4,61.34723580237023,0.1926358041784455,,
2026-05-31 11:14:00+00:00,0.3337,0.334,0.3334,0.3336,16364.8,61.34723580237023,0.19007986636434182,,
2026-05-31 11:15:00+00:00,0.3336,0.3336,0.333,0.333,6585.0,52.09993032468281,0.18837391812407006,,
2026-05-31 11:16:00+00:00,0.333,0.3331,0.3328,0.3328,2069.7,49.34506623713818,0.16881854503681706,,
2026-05-31 11:17:00+00:00,0.3329,0.3333,0.3329,0.3333,2076.3,55.83237516318695,0.16485523381518805,,
2026-05-31 11:18:00+00:00,0.3334,0.3335,0.333,0.3333,10198.6,55.832375163186946,0.1618871873521805,,
2026-05-31 11:19:00+00:00,0.3334,0.3334,0.3329,0.333,10841.5,50.99472648140158,0.15965645536211837,,
2026-05-31 11:20:00+00:00,0.3329,0.3331,0.3314,0.3316,55600.4,35.18636401372445,0.23079758657560018,,
2026-05-31 11:21:00+00:00,0.3316,0.3318,0.3311,0.3311,9857.3,31.332027914856965,0.22720019259068192,,
2026-05-31 11:22:00+00:00,0.3311,0.3312,0.3307,0.331,86662.5,30.587457030280017,0.2120265468683379,,
2026-05-31 11:23:00+00:00,0.3312,0.3314,0.3307,0.3308,33504.7,29.053197037303867,0.21204543413160656,,
2026-05-31 11:24:00+00:00,0.3309,0.331,0.3306,0.3308,9827.0,29.053197037303867,0.19382014416139237,,
2026-05-31 11:25:00+00:00,0.3308,0.3311,0.3308,0.3311,29173.4,35.08321787079961,0.17303703700051742,,
2026-05-31 11:26:00+00:00,0.3312,0.3319,0.3312,0.3316,36992.4,43.911321643704476,0.18647180446530884,,
2026-05-31 11:27:00+00:00,0.3318,0.3324,0.3318,0.3323,5542.8,53.704706349965825,0.1970124594900887,,
2026-05-31 11:28:00+00:00,0.3324,0.3328,0.3322,0.3322,14319.5,52.25641261810509,0.19378022947274223,,
2026-05-31 11:29:00+00:00,0.3322,0.3324,0.3315,0.3315,10064.0,43.19607947128449,0.20965017732933666,,
2026-05-31 11:30:00+00:00,0.3315,0.3315,0.331,0.3311,17960.2,38.91244383083572,0.19812511938308697,,
2026-05-31 11:31:00+00:00,0.3311,0.3312,0.3305,0.3308,45278.9,35.94220316048254,0.20096548253383206,,
2026-05-31 11:32:00+00:00,0.331,0.3314,0.3308,0.3314,13535.2,45.23220639099213,0.1966913255816328,,
2026-05-31 11:33:00+00:00,0.3313,0.3313,0.331,0.3313,6085.4,44.04919723591281,0.1815478546278346,,
2026-05-31 11:34:00+00:00,0.3313,0.3313,0.331,0.3311,4978.4,41.62966856778259,0.16344742793887232,,
2026-05-31 11:35:00+00:00,0.3312,0.332,0.3312,0.332,6641.5,54.20639495329856,0.18462034551942388,,
2026-05-31 11:36:00+00:00,0.3319,0.3326,0.3319,0.3326,4156.4,60.509246838884664,0.18952244067937363,,
2026-05-31 11:37:00+00:00,0.3324,0.3329,0.3324,0.3329,12020.9,63.314392859498405,0.18152036952829004,,
2026-05-31 11:38:00+00:00,0.3329,0.333,0.3325,0.3329,14685.0,63.314392859498405,0.17525534638862786,,
2026-05-31 11:39:00+00:00,0.3329,0.3329,0.3324,0.3325,6697.8,56.686254895901,0.170448131880359,,
2026-05-31 11:40:00+00:00,0.3326,0.3329,0.3325,0.3329,5233.4,61.199453322977405,0.16022590291431246,,
2026-05-31 11:41:00+00:00,0.3329,0.3331,0.3319,0.3319,34596.9,47.46209822041157,0.20087786219988063,,
2026-05-31 11:42:00+00:00,0.3319,0.3321,0.3314,0.3317,9359.9,45.20708262625306,0.20300599931056068,,
2026-05-31 11:43:00+00:00,0.3317,0.3319,0.3312,0.3312,5293.8,39.93637681467045,0.2049205071770832,,
2026-05-31 11:44:00+00:00,0.3311,0.3317,0.331,0.3313,5254.9,41.45326123163851,0.20614469538677793,,
2026-05-31 11:45:00+00:00,0.3314,0.3314,0.331,0.331,5060.7,38.23459322708377,0.18923441107344632,,
2026-05-31 11:46:00+00:00,0.331,0.331,0.3306,0.3307,9859.3,35.197959203157026,0.1757159723382184,,
2026-05-31 11:47:00+00:00,0.3307,0.3312,0.3306,0.3311,21266.5,42.01994526557314,0.17664577964904515,,
2026-05-31 11:48:00+00:00,0.3312,0.3314,0.3311,0.3314,13750.7,46.69620899198125,0.15929370583415334,,
2026-05-31 11:49:00+00:00,0.3314,0.3319,0.3314,0.3315,9618.3,48.24228798954357,0.15756243526621644,,
2026-05-31 11:50:00+00:00,0.3317,0.3317,0.3315,0.3316,5558.4,49.85824788814342,0.13807466173884245,,
2026-05-31 11:51:00+00:00,0.3315,0.3319,0.3315,0.3319,16461.9,54.58471163207687,0.13446353198577657,,
2026-05-31 11:52:00+00:00,0.3319,0.3321,0.3314,0.3314,7367.0,46.47250271095937,0.1499781442753895,,
2026-05-31 11:53:00+00:00,0.3314,0.3315,0.3309,0.3313,16420.6,44.98677092703512,0.15623967887199228,,
2026-05-31 11:54:00+00:00,0.3314,0.3318,0.3314,0.3317,3693.1,51.83106800481927,0.15498873828228174,,
2026-05-31 11:55:00+00:00,0.3317,0.3319,0.3317,0.3319,4066.9,54.94515479010907,0.13596809759140055,,
2026-05-31 11:56:00+00:00,0.332,0.3324,0.332,0.3324,13851.0,61.80437591956065,0.13869509408083236,,
2026-05-31 11:57:00+00:00,0.3324,0.3327,0.3324,0.3325,6689.1,63.054302930379016,0.12896781779842223,,
2026-05-31 11:58:00+00:00,0.3325,0.3327,0.3322,0.3322,9798.6,56.85273957154856,0.13336977584100038,,
2026-05-31 11:59:00+00:00,0.3322,0.3324,0.3321,0.3321,6106.2,54.85455594598449,0.12479479562632818,,
2026-05-31 12:00:00+00:00,0.3323,0.3337,0.3319,0.3336,80796.8,71.53103656434074,0.20730060342327145,,
2026-05-31 12:01:00+00:00,0.3335,0.3338,0.3328,0.3328,150362.2,58.68488721824603,0.22633529159135427,,
2026-05-31 12:02:00+00:00,0.3329,0.3332,0.332,0.332,66360.5,48.92271454412263,0.25379369889542686,,
2026-05-31 12:03:00+00:00,0.332,0.3324,0.3318,0.3319,32962.6,47.81792777072951,0.23925160116488453,,
2026-05-31 12:04:00+00:00,0.3318,0.3319,0.3309,0.3312,28007.1,40.673954110908085,0.2521922860546469,,
2026-05-31 12:05:00+00:00,0.3313,0.3315,0.3309,0.331,12708.5,38.832204506196746,0.23812951091552575,,
2026-05-31 12:06:00+00:00,0.3311,0.3312,0.3308,0.3311,10981.9,40.333183292359315,0.21460795678173192,,
2026-05-31 12:07:00+00:00,0.3312,0.3321,0.3312,0.3318,18509.4,49.89588579047874,0.23160143337054,,
2026-05-31 12:08:00+00:00,0.3318,0.3323,0.3318,0.3318,9223.2,49.89588579047874,0.21541978443000648,,
2026-05-31 12:09:00+00:00,0.3318,0.3318,0.3312,0.3313,18910.3,43.717312808034734,0.2088168656175693,,
2026-05-31 12:10:00+00:00,0.3313,0.3315,0.3311,0.3313,9544.6,43.71731280803474,0.1912007910150341,,
2026-05-31 12:11:00+00:00,0.3314,0.3317,0.3313,0.3313,6127.8,43.71731280803474,0.17710793133300592,,
2026-05-31 12:12:00+00:00,0.3315,0.3316,0.3309,0.3311,14980.9,40.935931184583794,0.1840552283917229,,
2026-05-31 12:13:00+00:00,0.3311,0.3314,0.3311,0.3314,5649.5,46.59845089731988,0.16521589890283314,,
2026-05-31 12:14:00+00:00,0.3315,0.3319,0.3315,0.3318,5636.3,53.239835393269686,0.1621520166278455,,
2026-05-31 12:15:00+00:00,0.3319,0.3327,0.3319,0.3323,14650.7,60.127144987998484,0.1836943463547865,,
2026-05-31 12:16:00+00:00,0.3323,0.3324,0.3316,0.3322,15612.1,58.22148957412826,0.19516347090594757,,
2026-05-31 12:17:00+00:00,0.3322,0.3325,0.3322,0.3323,4946.8,59.642684191970396,0.1741397653565004,,
2026-05-31 12:18:00+00:00,0.3322,0.3322,0.3318,0.3318,17773.1,50.162674506668814,0.16966038343089834,,
2026-05-31 12:19:00+00:00,0.3317,0.3323,0.3317,0.3322,8109.9,56.33230739041202,0.17168769469565756,,
2026-05-31 12:20:00+00:00,0.3321,0.3321,0.331,0.3315,55645.6,45.40316139426156,0.2100383762965838,,
2026-05-31 12:21:00+00:00,0.3315,0.3318,0.3314,0.3317,9107.7,48.570746923143155,0.1920475652512941,,
2026-05-31 12:22:00+00:00,0.3316,0.3318,0.3314,0.3315,9726.2,45.62929277817227,0.17786347485696422,,
2026-05-31 12:23:00+00:00,0.3315,0.3316,0.3313,0.3313,5308.0,42.75251410880618,0.16048715222477322,,
2026-05-31 12:24:00+00:00,0.3313,0.3318,0.3308,0.3318,57893.3,51.28411963402989,0.1884735226812957,,
2026-05-31 12:25:00+00:00,0.3319,0.3321,0.3318,0.3319,2679.4,52.845765421252054,0.16881112341224339,,
2026-05-31 12:26:00+00:00,0.3319,0.3323,0.3319,0.332,3086.8,54.4675403439623,0.15910460689282857,,
2026-05-31 12:27:00+00:00,0.3321,0.3323,0.3318,0.3318,20438.1,50.600223105402755,0.15749904638557952,,
2026-05-31 12:28:00+00:00,0.3318,0.3321,0.3317,0.3321,3252.1,55.827470494370544,0.14997454643959185,,
2026-05-31 12:29:00+00:00,0.3321,0.3322,0.3318,0.332,2621.6,53.72205917469608,0.14411216113876804,,
2026-05-31 12:30:00+00:00,0.3321,0.3329,0.3319,0.3327,18760.8,64.21777148995294,0.1751613766109312,,
2026-05-31 12:31:00+00:00,0.3327,0.333,0.3327,0.333,5720.2,67.70553254847123,0.15802087687317085,,
2026-05-31 12:32:00+00:00,0.3331,0.3331,0.3328,0.3328,12078.7,63.14628301066412,0.14452151922780399,,
2026-05-31 12:33:00+00:00,0.3327,0.3328,0.3321,0.3322,16419.7,51.57052363127632,0.15796932353765836,,
2026-05-31 12:34:00+00:00,0.3321,0.3321,0.3317,0.3321,7673.8,49.877312994059366,0.15652492449071995,,
2026-05-31 12:35:00+00:00,0.3322,0.3332,0.3322,0.3332,13955.0,64.23106956874054,0.1908329589996827,,
2026-05-31 12:36:00+00:00,0.3333,0.3333,0.3328,0.3332,14311.3,64.23106956874055,0.18267837200166698,,
2026-05-31 12:37:00+00:00,0.3331,0.3337,0.3331,0.3332,43573.1,64.23106956874054,0.18215710336363788,,
2026-05-31 12:38:00+00:00,0.3332,0.3333,0.333,0.3332,7918.4,64.23106956874054,0.16373288557206075,,
2026-05-31 12:39:00+00:00,0.3332,0.3332,0.3329,0.333,5806.8,59.50850862653494,0.1490829969311981,,
2026-05-31 12:40:00+00:00,0.3328,0.3329,0.3326,0.3327,11129.3,53.012328651489135,0.14341962844145298,,
2026-05-31 12:41:00+00:00,0.3327,0.3332,0.3327,0.3331,6492.4,59.55350816503907,0.14461893817465363,,
2026-05-31 12:42:00+00:00,0.3332,0.334,0.3331,0.3338,9207.7,68.1695915954691,0.16937703608382845,,
2026-05-31 12:43:00+00:00,0.3339,0.3349,0.3337,0.3342,75744.9,71.96184931688957,0.20715273403897402,,
2026-05-31 12:44:00+00:00,0.3342,0.3344,0.3339,0.3342,76216.3,71.96184931688956,0.19564438950526666,,
2026-05-31 12:45:00+00:00,0.3341,0.3341,0.3336,0.3338,8762.2,62.73449826698647,0.1926527381010422,,
2026-05-31 12:46:00+00:00,0.3338,0.3338,0.333,0.333,11630.0,48.82268165528525,0.2025405020495545,,
2026-05-31 12:47:00+00:00,0.333,0.333,0.3325,0.3326,18654.9,43.467550878521834,0.192293414750455,,
2026-05-31 12:48:00+00:00,0.3325,0.3332,0.3325,0.333,7159.4,49.608849502581236,0.19569198737777968,,
2026-05-31 12:49:00+00:00,0.3333,0.3333,0.3331,0.3332,3809.1,52.47694907111854,0.17446682304153616,,
2026-05-31 12:50:00+00:00,0.3332,0.3335,0.3331,0.3335,3327.7,56.59445223059241,0.16343591109430913,,
2026-05-31 12:51:00+00:00,0.3336,0.3336,0.333,0.333,9798.6,48.76946156756993,0.16698108432420863,,
2026-05-31 12:52:00+00:00,0.333,0.333,0.3323,0.3323,8873.4,40.13690596376504,0.17599687289789306,,
2026-05-31 12:53:00+00:00,0.3324,0.3331,0.3324,0.3326,14574.1,44.790474786276214,0.1887763340083474,,
2026-05-31 12:54:00+00:00,0.3326,0.3328,0.3323,0.3323,5742.8,41.229321560528085,0.1812506980226936,,
2026-05-31 12:55:00+00:00,0.3323,0.3325,0.332,0.3321,6033.8,38.936211407673824,0.17519929407513665,,
2026-05-31 12:56:00+00:00,0.3321,0.3324,0.3319,0.3324,15955.8,44.116468581557896,0.1701171734352657,,
2026-05-31 12:57:00+00:00,0.3324,0.3324,0.3321,0.3321,7303.8,40.316277044204945,0.1542835253234122,,
2026-05-31 12:58:00+00:00,0.3323,0.3323,0.3321,0.3322,2857.9,42.16153769065462,0.1354306050810467,,
2026-05-31 12:59:00+00:00,0.3322,0.3323,0.332,0.3321,2883.5,40.761282645493935,0.12644395545419546,,
2026-05-31 13:00:00+00:00,0.3322,0.3322,0.3314,0.3316,29224.7,34.4119573836975,0.14955859494894785,,
2026-05-31 13:01:00+00:00,0.3316,0.3324,0.3316,0.3324,12041.1,48.63582044890011,0.16749369454890564,,
2026-05-31 13:02:00+00:00,0.3323,0.3324,0.332,0.3324,3380.8,48.635820448900105,0.15806234432744923,,
2026-05-31 13:03:00+00:00,0.3325,0.3331,0.3324,0.3329,10060.0,55.998782823208714,0.16831462482293774,,
2026-05-31 13:04:00+00:00,0.3329,0.3329,0.3322,0.3323,9010.7,47.01312142349986,0.17702543148614008,,
2026-05-31 13:05:00+00:00,0.3324,0.3326,0.3323,0.3325,1088.1,49.98549681404768,0.15958027280082984,,
2026-05-31 13:06:00+00:00,0.3325,0.333,0.3325,0.3329,70806.0,55.5291747956297,0.1575498725293504,,
2026-05-31 13:07:00+00:00,0.3329,0.3334,0.3329,0.3332,10942.6,59.28951443191871,0.15593842152465967,,
2026-05-31 13:08:00+00:00,0.3333,0.3338,0.3331,0.3331,54468.1,57.48909540067295,0.16681760925131447,,
2026-05-31 13:09:00+00:00,0.3331,0.3336,0.3331,0.3336,10015.2,63.6255754636463,0.1632300854714937,,
2026-05-31 13:10:00+00:00,0.3337,0.3341,0.3332,0.3333,30948.2,58.0401501462111,0.1847070063325307,,
2026-05-31 13:11:00+00:00,0.3333,0.334,0.3333,0.334,20104.7,65.8194111384482,0.1893720843368463,,
2026-05-31 13:12:00+00:00,0.3339,0.3339,0.3336,0.3338,3942.1,62.160846098032366,0.175554885964067,,
2026-05-31 13:13:00+00:00,0.3338,0.3339,0.3334,0.3339,11058.9,63.29433527058194,0.17035093365631765,,
2026-05-31 13:14:00+00:00,0.3338,0.3338,0.3335,0.3336,2562.0,57.54807244564066,0.160384116901303,,
2026-05-31 13:15:00+00:00,0.3335,0.3335,0.3329,0.3334,10648.9,53.92187177638167,0.1703758641830247,,
2026-05-31 13:16:00+00:00,0.3334,0.3338,0.3334,0.3338,5219.8,59.58150944989732,0.16010380615607123,,
2026-05-31 13:17:00+00:00,0.3337,0.3339,0.3336,0.3338,2282.9,59.58150944989733,0.14605788015553206,,
2026-05-31 13:18:00+00:00,0.3338,0.3338,0.3332,0.3332,8001.4,48.540593119839585,0.15307111739715806,,
2026-05-31 13:19:00+00:00,0.3331,0.3335,0.333,0.3335,6782.4,53.34379181201241,0.1523317452875156,,
2026-05-31 13:20:00+00:00,0.3334,0.3341,0.3333,0.3337,8571.1,56.361009877212766,0.16973961535124252,,
2026-05-31 13:21:00+00:00,0.3336,0.3336,0.3333,0.3334,10377.0,50.87735021245605,0.15990908132623857,,
2026-05-31 13:22:00+00:00,0.3333,0.3333,0.3323,0.3323,25461.2,36.43496309226532,0.1945559740335063,,
2026-05-31 13:23:00+00:00,0.3324,0.3333,0.3321,0.3328,89177.1,44.405396608668376,0.22752632252724425,,
2026-05-31 13:24:00+00:00,0.3327,0.3327,0.3316,0.3327,25840.8,43.20160581866981,0.25421282870349593,,
2026-05-31 13:25:00+00:00,0.3327,0.3327,0.3318,0.3318,11185.0,33.987812322632735,0.25817144812454107,,
2026-05-31 13:26:00+00:00,0.3317,0.3321,0.3315,0.332,31670.7,37.29013442322858,0.24255731683788542,,
2026-05-31 13:27:00+00:00,0.3319,0.332,0.3317,0.3319,9207.8,36.28178411575598,0.21218205288382896,,
2026-05-31 13:28:00+00:00,0.3319,0.3319,0.3315,0.3315,5288.5,32.38922253844697,0.19408319360999507,,
2026-05-31 13:29:00+00:00,0.3314,0.332,0.3313,0.332,18818.5,41.15734523519421,0.1972013944137692,,
2026-05-31 13:30:00+00:00,0.3321,0.3325,0.332,0.3323,20529.7,45.83986051919721,0.1877119782013154,,
2026-05-31 13:31:00+00:00,0.3323,0.3325,0.332,0.332,4715.8,42.11601459605825,0.18042575989469184,,
2026-05-31 13:32:00+00:00,0.3319,0.332,0.3313,0.3315,23024.1,36.60871016700741,0.18679059374971593,,
2026-05-31 13:33:00+00:00,0.3314,0.3321,0.3313,0.3319,18911.5,43.20975981609658,0.19745967298109407,,
2026-05-31 13:34:00+00:00,0.3319,0.3319,0.3312,0.3312,19243.8,35.933914183914965,0.20057213879812702,,
2026-05-31 13:35:00+00:00,0.3312,0.3319,0.3312,0.3317,10985.6,43.48631001443741,0.20242265268601536,,
2026-05-31 13:36:00+00:00,0.3317,0.333,0.3317,0.3329,69026.8,57.00283629991548,0.2394559180437414,,
2026-05-31 13:37:00+00:00,0.3329,0.333,0.3326,0.3326,16460.2,53.45167616843977,0.21579043924657074,,
2026-05-31 13:38:00+00:00,0.3326,0.3326,0.3313,0.3318,126183.1,45.12264377695906,0.2514090418165401,,
2026-05-31 13:39:00+00:00,0.3318,0.3321,0.3318,0.3321,17127.4,48.46840950107427,0.21901239403728656,,
2026-05-31 13:40:00+00:00,0.3321,0.3323,0.3321,0.3322,18326.9,49.606336789120824,0.18719811212470155,,
2026-05-31 13:41:00+00:00,0.3321,0.3324,0.332,0.332,28241.1,47.28594905336341,0.1739450911995777,,
2026-05-31 13:42:00+00:00,0.332,0.332,0.3313,0.3313,19037.0,40.00818759477905,0.18170786665441752,,
2026-05-31 13:43:00+00:00,0.3312,0.3314,0.3301,0.3308,119625.5,35.65313963777045,0.22418335241259427,,
2026-05-31 13:44:00+00:00,0.3309,0.3311,0.3306,0.3307,25932.4,34.811068269318035,0.20963980157988799,,
2026-05-31 13:45:00+00:00,0.3306,0.3312,0.3303,0.3312,53556.2,42.3725671027415,0.22180647918470836,,
2026-05-31 13:46:00+00:00,0.3312,0.3312,0.3307,0.3307,22748.9,37.53499078581464,0.20795235780096863,,
2026-05-31 13:47:00+00:00,0.3307,0.3307,0.329,0.3297,142647.3,29.93923157379611,0.2699905240516344,,
2026-05-31 13:48:00+00:00,0.3296,0.33,0.3296,0.3296,25807.0,29.2808524047626,0.2403297955820974,,
2026-05-31 13:49:00+00:00,0.3295,0.3296,0.3287,0.3288,47181.4,24.49314627317454,0.24747615723566813,,
2026-05-31 13:50:00+00:00,0.3289,0.3295,0.3289,0.3291,24197.1,29.309242585873633,0.2403407122433024,,
2026-05-31 13:51:00+00:00,0.3291,0.3291,0.3288,0.3288,16989.3,27.369545700088167,0.21069617615394495,,
2026-05-31 13:52:00+00:00,0.3288,0.3291,0.3282,0.3282,52047.3,23.860448754068585,0.22370969584257747,,
2026-05-31 13:53:00+00:00,0.3283,0.3285,0.3276,0.328,37526.9,22.778779549644838,0.23395493213544932,,
2026-05-31 13:54:00+00:00,0.3281,0.3284,0.3275,0.3279,52329.7,22.21918751127982,0.24211581028466644,,
2026-05-31 13:55:00+00:00,0.3279,0.3281,0.3275,0.3281,15979.1,26.245584452324945,0.23014879412945288,,
2026-05-31 13:56:00+00:00,0.3282,0.3284,0.3282,0.3284,12819.4,32.10346452175832,0.20222124081333512,,
2026-05-31 13:57:00+00:00,0.3284,0.3284,0.3279,0.328,23603.2,28.72368178032061,0.19246208654414454,,
2026-05-31 13:58:00+00:00,0.3279,0.328,0.3268,0.327,122683.6,22.22441089772933,0.22783501990576213,,
2026-05-31 13:59:00+00:00,0.3271,0.3272,0.3268,0.3269,16888.1,21.679370503896525,0.2067960881228131,,
2026-05-31 14:00:00+00:00,0.3269,0.3273,0.3254,0.3257,146237.2,16.337227354756283,0.28271818534196264,,
2026-05-31 14:01:00+00:00,0.3257,0.3264,0.3251,0.3255,67366.8,15.62425229693208,0.3061906309453218,,
2026-05-31 14:02:00+00:00,0.3254,0.3256,0.3241,0.3246,229013.4,12.825627854028493,0.3380531124404246,,
2026-05-31 14:03:00+00:00,0.3247,0.325,0.3238,0.3241,198561.3,11.548707665818066,0.344910929461679,,
2026-05-31 14:04:00+00:00,0.3241,0.3254,0.3241,0.3254,55850.3,31.30625923803891,0.35472804483965764,,
2026-05-31 14:05:00+00:00,0.3254,0.3254,0.3248,0.3253,15806.8,30.719768685008248,0.3207586985326179,,
2026-05-31 14:06:00+00:00,0.3253,0.3259,0.3244,0.3244,74695.1,25.87277122412162,0.34979729872419385,,
2026-05-31 14:07:00+00:00,0.3244,0.3246,0.3241,0.3241,44386.3,24.444308714258376,0.31095154262543295,,
2026-05-31 14:08:00+00:00,0.3241,0.3248,0.3241,0.3248,17953.0,33.90511262473282,0.2913285590268529,,
2026-05-31 14:09:00+00:00,0.3249,0.3258,0.3248,0.3255,30399.6,41.97770871526101,0.2940055692090245,,
2026-05-31 14:10:00+00:00,0.3255,0.3257,0.3254,0.3256,25532.4,43.08117914953647,0.25355973655414404,,
2026-05-31 14:11:00+00:00,0.3256,0.3257,0.3254,0.3255,8417.0,42.18966268099569,0.22134328779607615,,
2026-05-31 14:12:00+00:00,0.3254,0.3259,0.3247,0.3247,86241.1,35.63480008036643,0.25142529147551257,,
2026-05-31 14:13:00+00:00,0.3247,0.3248,0.3227,0.3228,115019.0,25.272996062490748,0.33243566825798937,,
2026-05-31 14:14:00+00:00,0.323,0.3233,0.3205,0.3217,368599.9,21.290591713203714,0.44093312704675963,,
2026-05-31 14:15:00+00:00,0.3216,0.324,0.3216,0.3232,73299.1,36.460655825985526,0.49962422517560123,,
2026-05-31 14:16:00+00:00,0.3232,0.3232,0.3214,0.3218,76875.8,30.38708527652629,0.5133090107563792,,
2026-05-31 14:17:00+00:00,0.3218,0.322,0.321,0.3215,61979.5,29.22786130882337,0.4732387923145327,,
2026-05-31 14:18:00+00:00,0.3215,0.3219,0.3163,0.3197,686754.6,23.301687096995565,0.7310510396724982,,
2026-05-31 14:19:00+00:00,0.3196,0.3207,0.3194,0.3205,122360.4,30.282326947848038,0.6645042555589312,,
2026-05-31 14:20:00+00:00,0.3204,0.3213,0.3198,0.3212,98758.8,35.94987182766321,0.6238446174511519,,
2026-05-31 14:21:00+00:00,0.3212,0.3216,0.3207,0.3209,80766.2,34.61008573641833,0.5556345057658094,,
2026-05-31 14:22:00+00:00,0.321,0.3214,0.3209,0.3213,30904.7,38.03149752127398,0.4750777787743499,,
2026-05-31 14:23:00+00:00,0.3213,0.3224,0.3213,0.3221,101671.8,44.48629044348779,0.4474200318415392,,
2026-05-31 14:24:00+00:00,0.3221,0.3222,0.3212,0.3214,29632.0,40.39547766039339,0.42094335346897277,,
2026-05-31 14:25:00+00:00,0.3214,0.3215,0.3208,0.321,37921.5,38.16708438900433,0.3807880219437475,,
2026-05-31 14:26:00+00:00,0.321,0.3214,0.3201,0.3206,47385.0,35.962788263978396,0.3861084342955547,,
2026-05-31 14:27:00+00:00,0.3206,0.3206,0.3199,0.32,19345.6,32.80508796457756,0.3532159100878857,,
2026-05-31 14:28:00+00:00,0.3201,0.3206,0.3197,0.3202,62617.6,34.921457993847945,0.3386110961352249,,
2026-05-31 14:29:00+00:00,0.3202,0.3211,0.3201,0.3209,42246.5,42.022764399192035,0.33262268116546967,,
2026-05-31 14:30:00+00:00,0.3209,0.3209,0.3201,0.3203,23152.3,38.0667576373197,0.31654978054573785,,
2026-05-31 14:31:00+00:00,0.3203,0.3213,0.32,0.3212,57217.2,46.466179509322856,0.3334766991501844,,
2026-05-31 14:32:00+00:00,0.3212,0.3212,0.3205,0.3209,47489.1,44.24381944130478,0.3106580636136832,,
2026-05-31 14:33:00+00:00,0.3208,0.3213,0.3207,0.3213,44620.7,47.9330502144922,0.28556532241177884,,
2026-05-31 14:34:00+00:00,0.3213,0.3214,0.3211,0.3213,33470.0,47.9330502144922,0.2471263942506196,,
2026-05-31 14:35:00+00:00,0.3212,0.3219,0.3211,0.3217,36781.3,51.86509040609379,0.24719107360329412,,
2026-05-31 14:36:00+00:00,0.3217,0.3224,0.3213,0.3224,57374.0,58.02831205391019,0.2655617081344438,,
2026-05-31 14:37:00+00:00,0.3224,0.3228,0.3222,0.3224,39113.1,58.028312053910206,0.24967021018001095,,
2026-05-31 14:38:00+00:00,0.3223,0.3223,0.3217,0.3217,39491.0,50.10756876039274,0.2436895884663634,,
2026-05-31 14:39:00+00:00,0.3216,0.3225,0.3216,0.3223,18281.5,55.84732819391439,0.2504373331917578,,
2026-05-31 14:40:00+00:00,0.3223,0.3223,0.3218,0.3219,47974.2,51.46190868391214,0.2316643739986419,,
2026-05-31 14:41:00+00:00,0.3219,0.3221,0.3206,0.3209,43933.0,42.24680696963323,0.2793961034344976,,
2026-05-31 14:42:00+00:00,0.321,0.3217,0.3207,0.3215,52584.7,48.40597932949247,0.2853081420643989,,
2026-05-31 14:43:00+00:00,0.3215,0.3219,0.3207,0.3207,20406.9,41.80155429611689,0.3036521800404244,,
2026-05-31 14:44:00+00:00,0.3208,0.321,0.3202,0.3206,38427.4,41.02415674136582,0.29290394045905094,,
2026-05-31 14:45:00+00:00,0.3205,0.3212,0.3203,0.3212,17995.2,47.52955952077886,0.28992528844625665,,
2026-05-31 14:46:00+00:00,0.3211,0.3215,0.3209,0.3215,25697.9,50.559344095518114,0.2690488401839809,,
2026-05-31 14:47:00+00:00,0.3215,0.3217,0.3213,0.3213,15236.9,48.485504370013324,0.24027190070127652,,
2026-05-31 14:48:00+00:00,0.3213,0.3214,0.3202,0.3202,15397.1,38.767774744977174,0.26783100985714176,,
2026-05-31 14:49:00+00:00,0.3202,0.3203,0.3196,0.3198,29752.3,35.863545386788175,0.25831016724516886,,
2026-05-31 14:50:00+00:00,0.3197,0.3202,0.3193,0.32,36598.2,38.426162681040736,0.26276897871251326,,
2026-05-31 14:51:00+00:00,0.32,0.3204,0.32,0.3201,16672.8,39.76327427827274,0.23514170118838995,,
2026-05-31 14:52:00+00:00,0.3201,0.3204,0.3187,0.3191,215481.1,32.03398023256573,0.29525254415645125,,
2026-05-31 14:53:00+00:00,0.3191,0.3193,0.3177,0.3184,251374.6,27.82692310681834,0.3372238362822194,,
2026-05-31 14:54:00+00:00,0.3184,0.3187,0.3178,0.3181,170497.3,26.18909364266015,0.3266194768242882,,
2026-05-31 14:55:00+00:00,0.3182,0.3186,0.318,0.3182,44236.7,27.763782394163115,0.29892559541874497,,
2026-05-31 14:56:00+00:00,0.3183,0.3184,0.3177,0.318,28264.9,26.507104533753544,0.28331603638300756,,
2026-05-31 14:57:00+00:00,0.3181,0.3183,0.3173,0.3177,53646.4,24.647713553748467,0.28981932532526644,,
2026-05-31 14:58:00+00:00,0.3178,0.3181,0.3175,0.3176,44956.8,24.023573191909236,0.26971183792402237,,
2026-05-31 14:59:00+00:00,0.3177,0.318,0.3175,0.3175,28241.1,23.36614225460791,0.2473334922196397,,
2026-05-31 15:00:00+00:00,0.3176,0.3185,0.3176,0.3178,48434.1,29.772328328926186,0.26061267156635776,,
2026-05-31 15:01:00+00:00,0.3179,0.3179,0.3175,0.3178,28671.6,29.772328328926186,0.23366320207372887,,
2026-05-31 15:02:00+00:00,0.3177,0.3186,0.3176,0.3186,19544.9,44.92849900992068,0.24923582076341763,,
2026-05-31 15:03:00+00:00,0.3184,0.319,0.3182,0.3187,45255.9,46.531188008144795,0.24953004705422135,,
2026-05-31 15:04:00+00:00,0.3186,0.3191,0.3185,0.3186,23507.4,45.073706331340716,0.23735147770541135,,
2026-05-31 15:05:00+00:00,0.3187,0.3187,0.3181,0.3186,16443.6,45.073706331340716,0.22754596559182375,,
2026-05-31 15:06:00+00:00,0.3186,0.3187,0.3177,0.3179,50493.2,35.47183921848873,0.2453504740800379,,
2026-05-31 15:07:00+00:00,0.3179,0.3183,0.3173,0.3182,31482.0,41.4147773661473,0.25894887670658473,,
2026-05-31 15:08:00+00:00,0.3183,0.3188,0.3181,0.3181,14563.5,40.04869608588129,0.25123554245340385,,
2026-05-31 15:09:00+00:00,0.3181,0.3182,0.3177,0.3181,9603.0,40.04869608588129,0.2324250891026162,,
2026-05-31 15:10:00+00:00,0.3181,0.3187,0.3181,0.3185,20048.6,48.44631055667142,0.22338316067451666,,
2026-05-31 15:11:00+00:00,0.3186,0.3191,0.3186,0.3187,21548.0,52.16850255852802,0.21624734653237104,,
2026-05-31 15:12:00+00:00,0.3188,0.3192,0.3187,0.3192,9624.6,60.1588917062964,0.20405521137811192,,
2026-05-31 15:13:00+00:00,0.3192,0.3199,0.3191,0.3194,76204.0,62.912481311456226,0.2132358759471356,,
2026-05-31 15:14:00+00:00,0.3194,0.3195,0.319,0.319,15977.7,54.53638544780177,0.2021505674671226,,
2026-05-31 15:15:00+00:00,0.319,0.3191,0.3185,0.3186,28723.4,47.50837369274934,0.19958827626368322,,
2026-05-31 15:16:00+00:00,0.3186,0.32,0.3186,0.3199,23281.5,64.1782867136937,0.2465491086404746,,
2026-05-31 15:17:00+00:00,0.3198,0.3198,0.3187,0.3189,45808.4,50.47725744090841,0.2731164875612134,,
2026-05-31 15:18:00+00:00,0.319,0.3193,0.3188,0.3192,18112.8,53.767240321187025,0.2496161601084486,,
2026-05-31 15:19:00+00:00,0.3192,0.3198,0.3192,0.3196,21673.5,57.90977736205226,0.23698993318302003,,
2026-05-31 15:20:00+00:00,0.3196,0.3201,0.3195,0.3199,13842.2,60.83421379379749,0.22692587094790356,,
2026-05-31 15:21:00+00:00,0.3198,0.3199,0.3196,0.3199,16410.8,60.83421379379749,0.2002965579649513,,
2026-05-31 15:22:00+00:00,0.3199,0.3317,0.3199,0.3292,1957844.4,89.29638661832871,0.8725999244058017,,
2026-05-31 15:23:00+00:00,0.3293,0.3332,0.3293,0.333,595618.0,91.951735460678,0.9303541023769127,,
2026-05-31 15:24:00+00:00,0.3331,0.336,0.3323,0.3357,417251.7,93.26985106973542,0.9587320014096226,,
2026-05-31 15:25:00+00:00,0.3356,0.3368,0.3351,0.3363,186984.2,93.53143101873971,0.8667174139118877,,
2026-05-31 15:26:00+00:00,0.3362,0.3365,0.3342,0.3357,127419.6,89.65944899685219,0.8316403128950095,,
2026-05-31 15:27:00+00:00,0.3357,0.3383,0.3357,0.3371,188344.1,90.66170281606593,0.8168060588284888,,
2026-05-31 15:28:00+00:00,0.3371,0.3371,0.3353,0.336,67746.2,83.588701218541,0.7627269581692481,,
2026-05-31 15:29:00+00:00,0.3361,0.3364,0.3348,0.3353,53573.1,79.21880601319735,0.7068923541780308,,
2026-05-31 15:30:00+00:00,0.3353,0.337,0.3351,0.3364,74431.6,80.95704659667055,0.6766254610128277,,
2026-05-31 15:31:00+00:00,0.3364,0.3372,0.3362,0.337,52643.3,81.87583086630734,0.5996838102901252,,
2026-05-31 15:32:00+00:00,0.337,0.3371,0.335,0.335,89248.9,69.46304412620736,0.6079843440424405,,
2026-05-31 15:33:00+00:00,0.3351,0.3364,0.335,0.3364,71893.8,72.68400950869135,0.5675975154678157,,
2026-05-31 15:34:00+00:00,0.3364,0.3384,0.336,0.3377,212860.7,75.36494664236501,0.5944679992972984,,
2026-05-31 15:35:00+00:00,0.3376,0.3376,0.3353,0.3353,72533.8,62.734916632721216,0.6221338344472366,,
2026-05-31 15:36:00+00:00,0.3354,0.3354,0.3302,0.3333,633623.5,54.307893457309866,0.812724811737553,,
2026-05-31 15:37:00+00:00,0.3333,0.3346,0.3331,0.3342,69030.1,57.18360279809417,0.7381955230451859,,
2026-05-31 15:38:00+00:00,0.3341,0.3346,0.3333,0.3333,117538.6,53.44613385221438,0.6701588810121855,,
2026-05-31 15:39:00+00:00,0.3333,0.3335,0.3318,0.3328,97033.5,51.37346499139833,0.6390960457725056,,
2026-05-31 15:40:00+00:00,0.3327,0.3331,0.3326,0.3329,45571.7,51.78894273995917,0.5411623046754938,,
2026-05-31 15:41:00+00:00,0.333,0.3334,0.3318,0.3318,65084.0,46.89201682829447,0.5308087552175325,,
2026-05-31 15:42:00+00:00,0.3319,0.3324,0.3313,0.3319,47748.0,47.39445521933595,0.490804085522572,,
2026-05-31 15:43:00+00:00,0.3319,0.3326,0.3315,0.3318,132533.9,46.9014328679272,0.45906660876417454,,
2026-05-31 15:44:00+00:00,0.3319,0.3322,0.3306,0.3307,34017.9,41.61093305862998,0.46523931245951705,,
2026-05-31 15:45:00+00:00,0.3308,0.3324,0.3308,0.3323,26511.9,50.614153475400705,0.4727165588452886,,
2026-05-31 15:46:00+00:00,0.3323,0.3331,0.3317,0.3331,39171.9,54.510891983066124,0.4613238366959825,,
2026-05-31 15:47:00+00:00,0.333,0.3332,0.3323,0.3325,27976.9,51.147758384673736,0.423860378955626,,
2026-05-31 15:48:00+00:00,0.3326,0.3334,0.3323,0.3334,47770.2,55.70273825149427,0.40415975045649766,,
2026-05-31 15:49:00+00:00,0.3333,0.334,0.3329,0.3332,43097.8,54.449197589290264,0.38954828523936963,,
2026-05-31 15:50:00+00:00,0.3331,0.3335,0.3329,0.3332,17226.8,54.449197589290264,0.3476530339538033,,
2026-05-31 15:51:00+00:00,0.3332,0.334,0.3331,0.3331,51240.5,53.70318372319072,0.3322437488163496,,
2026-05-31 15:52:00+00:00,0.3331,0.3334,0.3287,0.3299,524243.0,36.11147263123421,0.5533080151093679,,
2026-05-31 15:53:00+00:00,0.3299,0.33,0.3267,0.3276,490899.6,28.623474200188177,0.6472193264580736,,
2026-05-31 15:54:00+00:00,0.3277,0.3283,0.3194,0.3235,903568.0,20.29013590423682,1.0745695241982416,,
2026-05-31 15:55:00+00:00,0.3236,0.3238,0.3217,0.3228,331107.6,19.228179916338174,0.991631328570337,,
2026-05-31 15:56:00+00:00,0.3228,0.3241,0.3226,0.3238,116304.9,25.423753688868977,0.8835048619209508,,
2026-05-31 15:57:00+00:00,0.3238,0.3239,0.3225,0.3228,52766.3,23.42712143418731,0.7957345087732446,,
2026-05-31 15:58:00+00:00,0.3228,0.3237,0.3222,0.3224,189834.6,22.636998383223293,0.7304295271265592,,
2026-05-31 15:59:00+00:00,0.3222,0.3231,0.3221,0.3228,70780.2,25.431402849304785,0.6455773966433773,,
2026-05-31 16:00:00+00:00,0.3227,0.3232,0.3216,0.3232,95407.1,28.308669334770325,0.6148326327635691,,
2026-05-31 16:01:00+00:00,0.3232,0.3232,0.3211,0.3224,72045.6,26.073023539518363,0.6233595704942563,,
2026-05-31 16:02:00+00:00,0.3224,0.325,0.3223,0.3245,104459.7,39.913401732670636,0.6618702632415387,,
2026-05-31 16:03:00+00:00,0.3245,0.3248,0.3238,0.3241,33404.5,38.39220206104532,0.5918590568883167,,
2026-05-31 16:04:00+00:00,0.3241,0.3256,0.3239,0.3252,94118.0,44.81837156223774,0.5764367043973013,,
2026-05-31 16:05:00+00:00,0.3253,0.326,0.3252,0.326,29931.9,49.10801025510271,0.509097463239271,,
2026-05-31 16:06:00+00:00,0.326,0.3266,0.3257,0.3258,42759.5,48.07000894039935,0.462776606546354,,
2026-05-31 16:07:00+00:00,0.3257,0.3259,0.3254,0.3255,22378.8,46.43420107154487,0.40128446921733246,,
2026-05-31 16:08:00+00:00,0.3254,0.3254,0.3243,0.3247,52489.8,42.18113104286945,0.39573290971417946,,
2026-05-31 16:09:00+00:00,0.3247,0.3248,0.3236,0.3239,79064.5,38.284860415091934,0.39146520724715905,,
2026-05-31 16:10:00+00:00,0.3238,0.3245,0.3237,0.3245,25228.3,42.69584708041949,0.3618997365235264,,
2026-05-31 16:11:00+00:00,0.3244,0.3249,0.3238,0.3238,13620.2,39.07547981853384,0.3580888560886608,,
2026-05-31 16:12:00+00:00,0.3238,0.3238,0.3224,0.3226,38914.0,33.64187678009605,0.37433148568259716,,
2026-05-31 16:13:00+00:00,0.3225,0.3235,0.3223,0.3235,38851.2,40.532834422993936,0.3728206176969563,,
2026-05-31 16:14:00+00:00,0.3236,0.3244,0.3231,0.3241,56285.4,44.780444330235184,0.3779264913914618,,
2026-05-31 16:15:00+00:00,0.3242,0.3244,0.3234,0.3237,21274.2,42.53019327513896,0.3645004037317832,,
2026-05-31 16:16:00+00:00,0.3237,0.324,0.3232,0.3234,24676.3,40.82079678861976,0.3413451594013081,,
2026-05-31 16:17:00+00:00,0.3235,0.3248,0.3235,0.3243,51579.4,47.81260937377633,0.35865809324793585,,
2026-05-31 16:18:00+00:00,0.3243,0.3258,0.3242,0.3255,63752.8,55.586400451182996,0.38417897300228654,,
2026-05-31 16:19:00+00:00,0.3256,0.3259,0.3251,0.3257,45906.7,56.77866251157062,0.35627941224991055,,
2026-05-31 16:20:00+00:00,0.3258,0.3263,0.3253,0.3262,67053.1,59.77794586562107,0.3458987236536993,,
2026-05-31 16:21:00+00:00,0.3261,0.3263,0.3252,0.3252,39189.7,51.791313291828246,0.3452205747991057,,
2026-05-31 16:22:00+00:00,0.3252,0.3255,0.3244,0.3253,32925.2,52.496502719240176,0.3437214409460041,,
2026-05-31 16:23:00+00:00,0.3253,0.3262,0.3249,0.3262,30219.3,58.558502693185865,0.35392418084545507,,
2026-05-31 16:24:00+00:00,0.3263,0.3264,0.3241,0.3243,38670.0,45.06802197816972,0.42664216538214755,,
2026-05-31 16:25:00+00:00,0.3244,0.3251,0.3241,0.3248,20772.3,48.53479241701367,0.4023646655995825,,
2026-05-31 16:26:00+00:00,0.3248,0.3251,0.3245,0.325,21868.9,49.938954508997405,0.3586167221827547,,
2026-05-31 16:27:00+00:00,0.325,0.3258,0.3249,0.3255,53911.8,53.46570060575736,0.3417522204839182,,
2026-05-31 16:28:00+00:00,0.3256,0.3258,0.3245,0.3252,54446.7,51.06727789063024,0.3536047915560014,,
2026-05-31 16:29:00+00:00,0.3251,0.3263,0.3246,0.3256,43754.6,54.11659330478121,0.3869589145307399,,
2026-05-31 16:30:00+00:00,0.3255,0.3255,0.3246,0.3248,13980.0,47.5340293241214,0.3719059669241599,,
2026-05-31 16:31:00+00:00,0.3247,0.3247,0.3242,0.3244,25484.1,44.52519701315694,0.33488300383962233,,
2026-05-31 16:32:00+00:00,0.3243,0.3248,0.3243,0.3248,19194.8,48.170454773355246,0.29836464641766874,,
2026-05-31 16:33:00+00:00,0.3249,0.3251,0.3233,0.3241,75218.0,42.71302290641243,0.35028407813997997,,
2026-05-31 16:34:00+00:00,0.3241,0.3246,0.3236,0.3242,32989.3,43.72502712045292,0.3418311405926404,,
2026-05-31 16:35:00+00:00,0.3242,0.3248,0.324,0.3248,36552.5,49.654252380677214,0.32222082704466304,,
2026-05-31 16:36:00+00:00,0.3249,0.3265,0.3246,0.3258,135002.6,57.87369334964075,0.3736214232636142,,
2026-05-31 16:37:00+00:00,0.3257,0.3272,0.3256,0.3269,85344.3,64.88127816959043,0.39578062942621045,,
2026-05-31 16:38:00+00:00,0.327,0.3274,0.3266,0.3271,59263.0,66.02308776361558,0.36534561359689094,,
2026-05-31 16:39:00+00:00,0.327,0.3319,0.327,0.3304,309556.1,78.71212611876501,0.5859674339165666,,
2026-05-31 16:40:00+00:00,0.3303,0.3353,0.3302,0.3312,297292.6,80.65785764087974,0.7756126574058779,,
2026-05-31 16:41:00+00:00,0.3312,0.3312,0.3299,0.3304,145917.7,73.22171031163593,0.7006850172707649,,
2026-05-31 16:42:00+00:00,0.3306,0.3308,0.3295,0.3295,52375.8,65.65543719476308,0.6409865364643641,,
2026-05-31 16:43:00+00:00,0.3295,0.3309,0.3295,0.3307,148381.3,70.21511631056406,0.5955973722770083,,
2026-05-31 16:44:00+00:00,0.3307,0.331,0.3301,0.3308,55859.5,70.57681111676996,0.530747402689255,,
2026-05-31 16:45:00+00:00,0.3307,0.3307,0.3293,0.3293,58265.7,58.696966261004654,0.5176343536218782,,
2026-05-31 16:46:00+00:00,0.3293,0.3297,0.3288,0.3296,30755.2,60.18622309653537,0.4683422151642835,,
2026-05-31 16:47:00+00:00,0.3295,0.3296,0.328,0.3289,78624.8,55.04095632480561,0.4727652030845791,,
2026-05-31 16:48:00+00:00,0.3289,0.3289,0.3278,0.3278,42448.0,47.89223959174024,0.44659542475782604,,
2026-05-31 16:49:00+00:00,0.328,0.3284,0.3279,0.3282,24267.9,50.4903452688487,0.39340397376140523,,
2026-05-31 16:50:00+00:00,0.3284,0.3287,0.3276,0.3278,19041.4,47.8399964652783,0.382221315896261,,
2026-05-31 16:51:00+00:00,0.3279,0.3289,0.3278,0.3287,20541.6,53.8909137682467,0.37187014870896373,,
2026-05-31 16:52:00+00:00,0.3288,0.3289,0.3282,0.3285,13534.8,52.39026459264291,0.3402952033622824,,
2026-05-31 16:53:00+00:00,0.3285,0.3291,0.3284,0.329,17006.5,55.808484661098554,0.314375621409141,,
2026-05-31 16:54:00+00:00,0.3289,0.3296,0.3287,0.3292,26634.6,57.17501400914298,0.30602570946198715,,
2026-05-31 16:55:00+00:00,0.3291,0.3298,0.3287,0.3293,74915.1,57.89829532235291,0.31155460323081907,,
2026-05-31 16:56:00+00:00,0.3291,0.3292,0.3289,0.329,22289.3,54.81249155942256,0.2737870658818422,,
2026-05-31 16:57:00+00:00,0.329,0.329,0.3267,0.3276,77793.9,42.944561649680494,0.3603808172774767,,
2026-05-31 16:58:00+00:00,0.3276,0.3277,0.3269,0.3271,23253.9,39.546703993330674,0.337660056839133,,
2026-05-31 16:59:00+00:00,0.3269,0.3272,0.3263,0.3267,32345.1,36.94811960137023,0.32555519949086187,,
2026-05-31 17:00:00+00:00,0.3268,0.3279,0.3266,0.3278,34082.1,47.49082178044169,0.33888684240064715,,
2026-05-31 17:01:00+00:00,0.3277,0.328,0.3274,0.3279,9909.9,48.362949574729164,0.3076233167159057,,
2026-05-31 17:02:00+00:00,0.3278,0.3278,0.3269,0.3269,7702.4,40.82829069967894,0.3080322680970218,,
2026-05-31 17:03:00+00:00,0.3268,0.3272,0.3266,0.3266,15852.2,38.81269527986155,0.28339436237823923,,
2026-05-31 17:04:00+00:00,0.3265,0.3277,0.3263,0.327,84642.4,42.98277599067152,0.3120650734011822,,
2026-05-31 17:05:00+00:00,0.3271,0.3273,0.3256,0.3261,87895.3,36.72543164458084,0.3546035670093495,,
2026-05-31 17:06:00+00:00,0.3261,0.327,0.3261,0.3269,31497.3,44.67945741709018,0.33805132628142953,,
2026-05-31 17:07:00+00:00,0.3268,0.3275,0.3267,0.3272,29633.5,47.43280695353288,0.3190928571183372,,
2026-05-31 17:08:00+00:00,0.3272,0.3274,0.3269,0.327,24740.5,45.74626634319738,0.28601145651160836,,
2026-05-31 17:09:00+00:00,0.3271,0.3271,0.3261,0.3263,29763.3,40.18911803118811,0.29059330990939863,,
2026-05-31 17:10:00+00:00,0.3263,0.3263,0.3254,0.3257,29500.9,36.0216641099929,0.2881684913071801,,
2026-05-31 17:11:00+00:00,0.3256,0.3266,0.3252,0.3265,79140.5,44.54142258887599,0.3157279696630906,,
2026-05-31 17:12:00+00:00,0.3264,0.3265,0.3258,0.3258,12386.3,39.43578090625891,0.29609621140577025,,
2026-05-31 17:13:00+00:00,0.3258,0.326,0.3257,0.326,8430.3,41.5622977465531,0.2551365538061362,,
2026-05-31 17:14:00+00:00,0.3261,0.3268,0.3261,0.3264,21029.5,45.79194379208408,0.2528787170117637,,
2026-05-31 17:15:00+00:00,0.3263,0.327,0.3263,0.3265,28646.7,46.8603275242033,0.24512003242300895,,
2026-05-31 17:16:00+00:00,0.3264,0.3267,0.3258,0.3259,20692.2,41.4182589281269,0.25168871576830365,,
2026-05-31 17:17:00+00:00,0.3259,0.3273,0.3258,0.327,18706.2,52.62557393372085,0.29241676444988424,,
2026-05-31 17:18:00+00:00,0.3271,0.3274,0.3269,0.327,33469.3,52.62557393372085,0.2645144513152591,,
2026-05-31 17:19:00+00:00,0.327,0.327,0.3259,0.3265,55664.9,47.52357134953115,0.2793169386342162,,
2026-05-31 17:20:00+00:00,0.3265,0.3268,0.3265,0.3266,18418.7,48.6302929945413,0.241756228938324,,
2026-05-31 17:21:00+00:00,0.3265,0.3265,0.3251,0.3253,73055.9,37.2751145679674,0.2864004534183994,,
2026-05-31 17:22:00+00:00,0.3254,0.3257,0.3247,0.3249,28308.6,34.5194575125433,0.29095984609912057,,
2026-05-31 17:23:00+00:00,0.325,0.3253,0.3247,0.3247,45846.1,33.15764489949637,0.26986844224848544,,
2026-05-31 17:24:00+00:00,0.3247,0.325,0.3245,0.3249,32188.7,35.964572395453246,0.2465405557355081,,
2026-05-31 17:25:00+00:00,0.3249,0.3255,0.3249,0.3253,10398.6,41.430207374479714,0.23387894634728884,,
2026-05-31 17:26:00+00:00,0.3253,0.3261,0.3253,0.326,7322.7,49.76709823041913,0.2357811564338003,,
2026-05-31 17:27:00+00:00,0.326,0.3263,0.3257,0.3263,22101.2,52.955822826537634,0.2252274765489884,,
2026-05-31 17:28:00+00:00,0.3263,0.3263,0.3258,0.3258,9198.7,47.3854989942296,0.21115218071930003,,
2026-05-31 17:29:00+00:00,0.3257,0.3269,0.3256,0.3267,11368.9,56.530458354133515,0.24804011136418375,,
2026-05-31 17:30:00+00:00,0.3267,0.3288,0.3265,0.3281,137863.4,66.57252169371361,0.33778653918361,,
2026-05-31 17:31:00+00:00,0.3282,0.3284,0.3276,0.3278,46856.5,63.10171998834512,0.3192867931815571,,
2026-05-31 17:32:00+00:00,0.3278,0.328,0.3277,0.3277,6837.8,61.90633952030565,0.27381681002115343,,
2026-05-31 17:33:00+00:00,0.3278,0.3278,0.3266,0.3271,32645.1,54.96476380282953,0.2928273155461485,,
2026-05-31 17:34:00+00:00,0.327,0.3279,0.3269,0.3278,14826.5,60.680075211016636,0.2947744110192684,,
2026-05-31 17:35:00+00:00,0.3279,0.3285,0.3278,0.3285,30393.8,65.53932009529994,0.2779349818742575,,
2026-05-31 17:36:00+00:00,0.3285,0.3286,0.3283,0.3285,21960.1,65.53932009529994,0.24061282568205578,,
2026-05-31 17:37:00+00:00,0.3284,0.3296,0.3284,0.3296,31681.8,72.20361308518893,0.2646633816421233,,
2026-05-31 17:38:00+00:00,0.3296,0.331,0.3286,0.3286,204693.1,60.40415960797048,0.358449301495421,,
2026-05-31 17:39:00+00:00,0.3286,0.3296,0.3281,0.3293,85444.2,64.86939284012374,0.3772522088585372,,
2026-05-31 17:40:00+00:00,0.3292,0.3303,0.3287,0.3293,216538.1,64.86939284012372,0.39897759459973536,,
2026-05-31 17:41:00+00:00,0.3293,0.3311,0.3287,0.3308,160786.0,72.94178034474783,0.4628375378517368,,
2026-05-31 17:42:00+00:00,0.3307,0.332,0.3307,0.3312,163638.7,74.66657157863517,0.44832525971341813,,
2026-05-31 17:43:00+00:00,0.3312,0.3313,0.3306,0.3308,37948.9,69.727992941939,0.4014155405491743,,
2026-05-31 17:44:00+00:00,0.3307,0.3307,0.3304,0.3304,8271.2,64.95443638804211,0.34573428768442066,,
2026-05-31 17:45:00+00:00,0.3304,0.3308,0.3299,0.3305,98310.0,65.60844611185465,0.33096667752116554,,
2026-05-31 17:46:00+00:00,0.3304,0.3317,0.3303,0.3316,43765.5,71.99584220677737,0.3483341059607854,,
2026-05-31 17:47:00+00:00,0.3315,0.3318,0.3311,0.3313,23474.7,68.15977457568712,0.3211773970095887,,
2026-05-31 17:48:00+00:00,0.3313,0.3313,0.3307,0.3311,18469.9,65.57178755730887,0.29333994957239856,,
2026-05-31 17:49:00+00:00,0.3312,0.3313,0.3308,0.331,9090.5,64.21718250762028,0.26495433789346506,,
2026-05-31 17:50:00+00:00,0.3309,0.3312,0.3306,0.3312,17140.5,65.78777830452138,0.24806735710805966,,
2026-05-31 17:51:00+00:00,0.3312,0.3318,0.3311,0.3317,34127.1,69.5057444601658,0.24036155242493532,,
2026-05-31 17:52:00+00:00,0.3318,0.3318,0.3312,0.3315,9371.7,66.30333394527129,0.22860434857158557,,
2026-05-31 17:53:00+00:00,0.3315,0.3317,0.3312,0.3314,34264.2,64.64854521305142,0.21311367906211381,,
2026-05-31 17:54:00+00:00,0.3313,0.3313,0.3304,0.3311,43454.9,59.68332047280289,0.23105013166096802,,
2026-05-31 17:55:00+00:00,0.3312,0.3314,0.331,0.3312,6863.1,60.79843580318911,0.20893888549020634,,
2026-05-31 17:56:00+00:00,0.3312,0.3313,0.3309,0.3309,8012.9,55.66621353781957,0.19147913901324926,,
2026-05-31 17:57:00+00:00,0.3309,0.331,0.3306,0.3309,6727.3,55.666213537819566,0.17735979957566508,,
2026-05-31 17:58:00+00:00,0.3309,0.3311,0.3301,0.3309,27620.9,55.66621353781957,0.20232906057319455,,
2026-05-31 17:59:00+00:00,0.3309,0.331,0.3307,0.331,15979.4,57.31381295777784,0.17994123539255744,,
2026-05-31 18:00:00+00:00,0.331,0.3325,0.3307,0.3314,58515.4,63.36487929323687,0.25240929128530376,,
2026-05-31 18:01:00+00:00,0.3315,0.3315,0.3302,0.3302,17020.7,43.031493026387906,0.2814014273336166,,
2026-05-31 18:02:00+00:00,0.3302,0.331,0.3302,0.3308,25081.5,51.65089328464661,0.27308041428188823,,
2026-05-31 18:03:00+00:00,0.3308,0.3311,0.3304,0.3304,14329.3,46.445515763636735,0.2611016974441842,,
2026-05-31 18:04:00+00:00,0.3306,0.3313,0.3306,0.331,31937.2,54.14725006180373,0.26288338570527464,,
2026-05-31 18:05:00+00:00,0.331,0.3319,0.331,0.3319,4386.3,63.01258948324284,0.2639696310176434,,
2026-05-31 18:06:00+00:00,0.3319,0.3321,0.3315,0.3317,52466.0,60.14148431966413,0.24748030276697158,,
2026-05-31 18:07:00+00:00,0.3317,0.3317,0.3314,0.3317,7474.6,60.14148431966413,0.21607287652168836,,
2026-05-31 18:08:00+00:00,0.3318,0.3319,0.3316,0.3316,6503.7,58.49622411883363,0.19100451904039373,,
2026-05-31 18:09:00+00:00,0.3316,0.3318,0.3308,0.3308,7971.5,47.05412662114829,0.21363264453154676,,
2026-05-31 18:10:00+00:00,0.3308,0.3313,0.3308,0.3313,5329.3,53.38599317932603,0.20083230621439344,,
2026-05-31 18:11:00+00:00,0.3314,0.3316,0.3312,0.3313,3004.4,53.38599317932603,0.18481314349249342,,
2026-05-31 18:12:00+00:00,0.3313,0.3313,0.3306,0.3308,6527.9,46.51792011484679,0.1903956334681077,,
2026-05-31 18:13:00+00:00,0.3308,0.3308,0.3303,0.3303,4505.4,40.70009697610091,0.18282258686345756,,
2026-05-31 18:14:00+00:00,0.3303,0.3303,0.3288,0.3299,177350.7,36.62814516022925,0.2373720532064263,,
2026-05-31 18:15:00+00:00,0.3298,0.33,0.329,0.3297,46585.4,34.69947658233272,0.2506740439255082,,
2026-05-31 18:16:00+00:00,0.3296,0.3296,0.3284,0.3295,104056.1,32.78155970132951,0.2795683940084716,,
2026-05-31 18:17:00+00:00,0.3295,0.3298,0.3292,0.3294,9250.5,31.80493246773764,0.26015248530853946,,
2026-05-31 18:18:00+00:00,0.3294,0.3296,0.3293,0.3294,6740.7,31.804932467737647,0.22633692449455606,,
2026-05-31 18:19:00+00:00,0.3295,0.3303,0.3294,0.33,33704.3,44.13359987633363,0.2352857767963774,,
2026-05-31 18:20:00+00:00,0.33,0.3301,0.3291,0.3291,32509.7,33.9147766961514,0.24951517798311654,,
2026-05-31 18:21:00+00:00,0.3291,0.3294,0.329,0.329,9554.8,32.97224696941527,0.22398892419269045,,
2026-05-31 18:22:00+00:00,0.329,0.3296,0.3287,0.3295,29529.4,41.93690578274816,0.23354745022008003,,
2026-05-31 18:23:00+00:00,0.3296,0.3297,0.3293,0.3297,18281.7,45.19466812228377,0.21098910487720146,,
2026-05-31 18:24:00+00:00,0.3297,0.3298,0.3291,0.3296,8815.5,43.828502509229885,0.21131822300488537,,
2026-05-31 18:25:00+00:00,0.3296,0.3305,0.3294,0.3305,73523.8,56.86696002077923,0.23516002735832972,,
2026-05-31 18:26:00+00:00,0.3304,0.3307,0.3301,0.3304,47023.6,55.282742632016834,0.2245045739513988,,
2026-05-31 18:27:00+00:00,0.3304,0.3308,0.3304,0.3308,3535.7,60.20940377094761,0.20357028109683453,,
2026-05-31 18:28:00+00:00,0.3309,0.3313,0.3308,0.331,10807.4,62.50441672652131,0.19296930268720935,,
2026-05-31 18:29:00+00:00,0.3309,0.3309,0.3305,0.3305,5454.0,53.87314955029979,0.18486617655544038,,
2026-05-31 18:30:00+00:00,0.3305,0.3309,0.3304,0.3309,5676.9,58.91608234990121,0.17793477510202005,,
2026-05-31 18:31:00+00:00,0.3309,0.3315,0.3308,0.3313,20126.7,63.366175758740525,0.18443372672806352,,
2026-05-31 18:32:00+00:00,0.3314,0.3314,0.3312,0.3314,3418.9,64.43622228948384,0.15957246509355918,,
2026-05-31 18:33:00+00:00,0.3314,0.3315,0.3305,0.3305,9415.0,49.86966667568473,0.18851997562966544,,
2026-05-31 18:34:00+00:00,0.3305,0.3353,0.3295,0.3342,694788.2,75.33717124775207,0.4962438107614691,,
2026-05-31 18:35:00+00:00,0.3341,0.3343,0.3331,0.3333,118157.4,66.24187787335276,0.47007424315987395,,
2026-05-31 18:36:00+00:00,0.3333,0.3333,0.3324,0.3329,44598.8,62.51482628688186,0.4305815445964224,,
2026-05-31 18:37:00+00:00,0.3329,0.3329,0.3324,0.3324,13174.8,57.983699710140925,0.3750676202073382,,
2026-05-31 18:38:00+00:00,0.3325,0.3341,0.3322,0.3339,89248.4,66.15962748052117,0.41251267315224804,,
2026-05-31 18:39:00+00:00,0.3339,0.3341,0.3332,0.3337,69636.5,64.30581537327917,0.3841485923057499,,
2026-05-31 18:40:00+00:00,0.3337,0.3337,0.3333,0.3337,10428.5,64.30581537327917,0.3312925028526917,,
2026-05-31 18:41:00+00:00,0.3338,0.3342,0.3336,0.3336,19690.6,63.212462482999456,0.3010846719471054,,
2026-05-31 18:42:00+00:00,0.3336,0.3336,0.3327,0.3332,30875.8,58.77133589355255,0.2951785031489908,,
2026-05-31 18:43:00+00:00,0.3332,0.3336,0.3331,0.3336,28416.3,61.756738178534754,0.26583567685669957,,
2026-05-31 18:44:00+00:00,0.3337,0.3342,0.3336,0.3338,39979.6,63.235701411085266,0.24849078921364826,,
2026-05-31 18:45:00+00:00,0.3338,0.3339,0.333,0.3332,8933.1,56.01490942734944,0.2531722099388108,,
2026-05-31 18:46:00+00:00,0.3333,0.3335,0.3328,0.3329,16809.8,52.673409763820665,0.24477496029225018,,
2026-05-31 18:47:00+00:00,0.3329,0.333,0.3323,0.3328,49670.9,51.5348007418889,0.23794611606079552,,
2026-05-31 18:48:00+00:00,0.3328,0.3328,0.3314,0.3326,175686.1,49.1727191321351,0.2746565662658642,,
2026-05-31 18:49:00+00:00,0.3327,0.3327,0.3324,0.3326,11451.6,49.1727191321351,0.23776494032477935,,
2026-05-31 18:50:00+00:00,0.3326,0.3329,0.3324,0.3327,9207.7,50.5712088321684,0.2202118885531028,,
2026-05-31 18:51:00+00:00,0.3325,0.3332,0.3323,0.3332,28940.9,57.12501864822818,0.2299267594756725,,
2026-05-31 18:52:00+00:00,0.3332,0.3333,0.3325,0.3325,6460.6,47.357427467811355,0.23244895340100635,,
2026-05-31 18:53:00+00:00,0.3325,0.3327,0.332,0.3325,18156.2,47.35742746781135,0.2280644258786985,,
2026-05-31 18:54:00+00:00,0.3325,0.3331,0.3323,0.3331,9386.2,55.423077798501794,0.2301565214161941,,
2026-05-31 18:55:00+00:00,0.333,0.3332,0.3326,0.3332,6984.7,56.65297227123784,0.2200843632262521,,
2026-05-31 18:56:00+00:00,0.3332,0.3335,0.3331,0.3335,1820.2,60.30375465839172,0.1998971150272563,,
2026-05-31 18:57:00+00:00,0.3336,0.3337,0.3335,0.3335,5060.8,60.3037546583917,0.17191169502030448,,
2026-05-31 18:58:00+00:00,0.3336,0.3337,0.3335,0.3335,10038.3,60.3037546583917,0.14952335901474303,,
2026-05-31 18:59:00+00:00,0.3335,0.3341,0.3334,0.3335,22387.7,60.303754658391696,0.16159769770654905,,
2026-05-31 19:00:00+00:00,0.3335,0.334,0.3332,0.334,10327.1,67.29984151247058,0.17698881960511303,,
2026-05-31 19:01:00+00:00,0.3339,0.3343,0.3336,0.3337,16941.6,60.22391247904698,0.18367219837724236,,
2026-05-31 19:02:00+00:00,0.3338,0.334,0.3335,0.334,22973.7,64.38459694331661,0.1767458984394869,,
2026-05-31 19:03:00+00:00,0.3339,0.334,0.3332,0.3333,16896.8,50.64899175684947,0.1896984820372978,,
2026-05-31 19:04:00+00:00,0.3332,0.3333,0.3323,0.3329,31696.1,44.60690017266752,0.21201923475645873,,
2026-05-31 19:05:00+00:00,0.333,0.3336,0.333,0.3336,3975.7,55.036587780235614,0.21122590707536198,,
2026-05-31 19:06:00+00:00,0.3335,0.3346,0.3335,0.3346,29604.6,65.38253656218498,0.23422585200320506,,
2026-05-31 19:07:00+00:00,0.3345,0.3345,0.3338,0.3339,12592.8,55.45760146914066,0.23569205170475707,,
2026-05-31 19:08:00+00:00,0.3339,0.334,0.3338,0.3338,5227.4,54.15279460072458,0.20059335186152,,
2026-05-31 19:09:00+00:00,0.3337,0.3342,0.3337,0.3341,9413.9,57.48695229775754,0.19026174403202725,,
2026-05-31 19:10:00+00:00,0.334,0.3342,0.334,0.3341,4288.8,57.486952297757554,0.16418185855995152,,
2026-05-31 19:11:00+00:00,0.3342,0.3343,0.3338,0.3338,4661.7,52.75088365091172,0.1614215912399756,,
2026-05-31 19:12:00+00:00,0.3337,0.3339,0.3335,0.3335,4017.5,48.32707153823591,0.1532414444519406,,
2026-05-31 19:13:00+00:00,0.3335,0.3338,0.3334,0.3336,4624.6,49.88369027874538,0.14653722236144479,,
2026-05-31 19:14:00+00:00,0.3334,0.3336,0.333,0.3336,6967.0,49.88369027874538,0.15320100091073793,,
2026-05-31 19:15:00+00:00,0.3337,0.3344,0.3337,0.3344,14060.2,61.3754712828465,0.17011448302349608,,
2026-05-31 19:16:00+00:00,0.3344,0.3356,0.3344,0.3353,21102.3,69.98002878341816,0.2073039859780685,,
2026-05-31 19:17:00+00:00,0.3353,0.3354,0.3348,0.3352,13767.6,68.10688403021598,0.2016921873471267,,
2026-05-31 19:18:00+00:00,0.3351,0.3354,0.3348,0.3351,31538.5,66.13982340600863,0.19721210671144518,,
2026-05-31 19:19:00+00:00,0.3351,0.3353,0.3348,0.3348,9423.5,60.33151448884746,0.18777963431064587,,
2026-05-31 19:20:00+00:00,0.3347,0.3357,0.3347,0.3355,80871.4,67.68819879112519,0.20952279360287154,,
2026-05-31 19:21:00+00:00,0.3354,0.3359,0.3353,0.3356,25446.0,68.6121675263867,0.20332514244043662,,
2026-05-31 19:22:00+00:00,0.3357,0.3363,0.3352,0.3352,68667.3,60.875465275266464,0.2284866773341534,,
2026-05-31 19:23:00+00:00,0.3351,0.3352,0.3345,0.3345,10835.1,49.9283953612685,0.22502537337496603,,
2026-05-31 19:24:00+00:00,0.3344,0.3344,0.3336,0.3336,18196.4,39.723565263628366,0.23446279950581883,,
2026-05-31 19:25:00+00:00,0.3336,0.3339,0.3328,0.3329,18857.8,33.76037748927608,0.25405056152632244,,
2026-05-31 19:26:00+00:00,0.3328,0.3335,0.3327,0.3333,12397.6,39.52445118592565,0.251001336770749,,
2026-05-31 19:27:00+00:00,0.3332,0.3333,0.3327,0.3329,6910.2,36.03985686794361,0.23708920527651636,,
2026-05-31 19:28:00+00:00,0.3328,0.3336,0.3328,0.3336,14430.8,45.39985406300228,0.23723500344497087,,
2026-05-31 19:29:00+00:00,0.3335,0.3338,0.3332,0.3335,7749.6,44.369212939826014,0.2258269196983317,,
2026-05-31 19:30:00+00:00,0.3333,0.3337,0.3333,0.3334,6011.2,43.27758775552856,0.20471092434167706,,
2026-05-31 19:31:00+00:00,0.3333,0.3333,0.3327,0.3328,7108.7,37.17937409112527,0.20613130330652546,,
2026-05-31 19:32:00+00:00,0.333,0.333,0.3315,0.3323,63059.6,32.88837649661298,0.25543303699166225,,
2026-05-31 19:33:00+00:00,0.3324,0.3326,0.332,0.3326,28948.8,37.68317392273119,0.24024148693284203,,
2026-05-31 19:34:00+00:00,0.3325,0.3333,0.3324,0.3333,8034.2,47.422080343755226,0.24579494402367494,,
2026-05-31 19:35:00+00:00,0.3333,0.3335,0.3327,0.3332,24329.5,46.274182931756904,0.2447141772943372,,
2026-05-31 19:36:00+00:00,0.3331,0.3334,0.333,0.3334,2634.4,49.01663147342023,0.21964910347803732,,
2026-05-31 19:37:00+00:00,0.3333,0.3337,0.3329,0.3329,18091.4,42.92954780234681,0.22404568603082778,,
2026-05-31 19:38:00+00:00,0.3329,0.3332,0.3329,0.3332,5554.1,47.29311715019464,0.19708237426089587,,
2026-05-31 19:39:00+00:00,0.3332,0.3336,0.3331,0.3335,7384.6,51.42020520678822,0.1875090785096984,,
2026-05-31 19:40:00+00:00,0.3336,0.3337,0.3334,0.3337,5210.3,54.083454620373864,0.16789757910215158,,
2026-05-31 19:41:00+00:00,0.3338,0.3349,0.3338,0.3342,30773.6,60.151703974818425,0.20593039412660072,,
2026-05-31 19:42:00+00:00,0.3343,0.3343,0.3338,0.334,5909.8,56.814586139607314,0.1947830843523592,,
2026-05-31 19:43:00+00:00,0.3341,0.3346,0.334,0.3346,5668.9,63.554394169204606,0.19141075953063408,,
2026-05-31 19:44:00+00:00,0.3346,0.3346,0.3344,0.3344,4895.7,60.081531038030434,0.16518191420801676,,
2026-05-31 19:45:00+00:00,0.3342,0.3352,0.3338,0.335,24097.3,66.2322148965863,0.2154909423550116,,
2026-05-31 19:46:00+00:00,0.3351,0.3353,0.3349,0.3349,3384.5,64.39480273541943,0.19633195745339904,,
2026-05-31 19:47:00+00:00,0.3349,0.3351,0.3349,0.335,2228.7,65.45949353140401,0.16895897922661296,,
2026-05-31 19:48:00+00:00,0.3349,0.3349,0.3346,0.3349,10653.5,63.354526756761445,0.15909527152204392,,
2026-05-31 19:49:00+00:00,0.3349,0.335,0.3348,0.335,8584.9,64.61869237492289,0.13917852282443782,,
2026-05-31 19:50:00+00:00,0.335,0.3355,0.335,0.3353,10023.8,68.26761835884417,0.1410672356604514,,
2026-05-31 19:51:00+00:00,0.3353,0.3362,0.3353,0.3358,32938.8,73.35616884279553,0.16628908663954653,,
2026-05-31 19:52:00+00:00,0.3358,0.3359,0.3357,0.3359,2551.3,74.27295655715372,0.14489997092839338,,
2026-05-31 19:53:00+00:00,0.3359,0.336,0.3357,0.336,22640.0,75.2203382250687,0.1337426196067807,,
2026-05-31 19:54:00+00:00,0.3359,0.3361,0.3356,0.3356,20103.0,64.64095513334811,0.1369189992559674,,
2026-05-31 19:55:00+00:00,0.3356,0.3356,0.335,0.3354,18596.2,59.956202395009086,0.14537869087728658,,
2026-05-31 19:56:00+00:00,0.3353,0.3354,0.3352,0.3353,5512.0,57.635618048896745,0.12826725420874768,,
2026-05-31 19:57:00+00:00,0.3352,0.3368,0.3352,0.3365,29721.0,72.05630196007063,0.1973444525080365,,
2026-05-31 19:58:00+00:00,0.3366,0.3371,0.3363,0.3367,37103.0,73.71331901138176,0.2053018313488681,,
2026-05-31 19:59:00+00:00,0.3367,0.3369,0.3366,0.3368,16240.0,74.5516774747954,0.1820074266393422,,
2026-05-31 20:00:00+00:00,0.3368,0.3383,0.3368,0.3381,99179.1,82.57769942667991,0.23377722873027026,,
2026-05-31 20:01:00+00:00,0.3381,0.3393,0.3381,0.3388,58145.2,85.3433005532661,0.25747362699812004,,
2026-05-31 20:02:00+00:00,0.3388,0.339,0.3381,0.3386,14981.9,81.24889416283763,0.2592606375120221,,
2026-05-31 20:03:00+00:00,0.3386,0.3386,0.3379,0.3379,25726.2,68.4736173744957,0.24927055782556154,,
2026-05-31 20:04:00+00:00,0.3378,0.3378,0.3361,0.3369,60569.3,54.79724204178211,0.3068649961157767,,
2026-05-31 20:05:00+00:00,0.3368,0.3382,0.3365,0.3382,38527.3,64.91835969875474,0.34508058472242376,,
2026-05-31 20:06:00+00:00,0.3381,0.3389,0.3379,0.3387,49710.0,67.98202645641804,0.33470623856657505,,
2026-05-31 20:07:00+00:00,0.3388,0.3391,0.3383,0.3387,23650.4,67.98202645641804,0.31500443578978343,,
2026-05-31 20:08:00+00:00,0.3386,0.3386,0.338,0.3385,16342.2,65.17145877766248,0.2935113793843405,,
2026-05-31 20:09:00+00:00,0.3384,0.3384,0.3379,0.3381,11929.1,59.687770204290146,0.2705793597671704,,
2026-05-31 20:10:00+00:00,0.338,0.338,0.3375,0.3375,6140.9,52.34678863383083,0.25240386734762676,,
2026-05-31 20:11:00+00:00,0.3374,0.3374,0.3368,0.3368,11527.2,45.14868400628115,0.24391046372880024,,
2026-05-31 20:12:00+00:00,0.3367,0.3371,0.3365,0.337,17946.1,47.44297414502989,0.23062087640085377,,
2026-05-31 20:13:00+00:00,0.337,0.3376,0.337,0.337,16726.9,47.44297414502989,0.22010500972602362,,
2026-05-31 20:14:00+00:00,0.337,0.3378,0.3369,0.3378,12327.5,56.44043203820791,0.2289529621732866,,
2026-05-31 20:15:00+00:00,0.3377,0.3378,0.3375,0.3375,4133.4,52.682538329616314,0.20110295851172832,,
2026-05-31 20:16:00+00:00,0.3374,0.3374,0.3367,0.337,18281.6,46.89982545519185,0.20859880949011012,,
2026-05-31 20:17:00+00:00,0.337,0.3398,0.3369,0.3398,207403.1,68.44879198978573,0.3361925810433607,,
2026-05-31 20:18:00+00:00,0.3399,0.34,0.3396,0.3396,21754.6,66.31300154652774,0.2926695854853575,,
2026-05-31 20:19:00+00:00,0.3396,0.3396,0.3387,0.3387,12499.5,57.36350624700388,0.2879021936364398,,
2026-05-31 20:20:00+00:00,0.3386,0.3391,0.3385,0.3386,27839.3,56.423406060798165,0.26582982394485977,,
2026-05-31 20:21:00+00:00,0.3385,0.3387,0.3384,0.3387,9939.8,57.20271940798307,0.23031586274043125,,
2026-05-31 20:22:00+00:00,0.3388,0.3394,0.3388,0.3391,31656.1,60.35392348337678,0.22532110341535483,,
2026-05-31 20:23:00+00:00,0.3392,0.3395,0.3384,0.3387,117147.3,55.78965170932174,0.2454240003971608,,
2026-05-31 20:24:00+00:00,0.3386,0.3391,0.3383,0.3388,61322.5,56.69926901713191,0.2435067507308594,,
2026-05-31 20:25:00+00:00,0.3388,0.3399,0.3388,0.3396,60902.2,63.39401826657316,0.2591285916316016,,
2026-05-31 20:26:00+00:00,0.3396,0.3406,0.3395,0.3402,55091.2,67.57209773917145,0.27160510221773465,,
2026-05-31 20:27:00+00:00,0.3402,0.3404,0.3395,0.3396,16763.6,59.96716082270195,0.27067150948049995,,
2026-05-31 20:28:00+00:00,0.3395,0.34,0.3389,0.34,15817.5,63.047760135310845,0.28098834028136216,,
2026-05-31 20:29:00+00:00,0.3401,0.3403,0.3395,0.34,55965.7,63.04776013531084,0.2718494957544995,,
2026-05-31 20:30:00+00:00,0.3399,0.3408,0.3397,0.3407,52078.6,68.31544165468938,0.28160570251019573,,
2026-05-31 20:31:00+00:00,0.3406,0.3406,0.3399,0.3402,33839.3,61.371947111016134,0.2726468262086402,,
2026-05-31 20:32:00+00:00,0.3401,0.3408,0.3399,0.3404,13734.5,63.0414663647896,0.2708682732695175,,
2026-05-31 20:33:00+00:00,0.3404,0.3404,0.3399,0.3399,10132.5,56.28417815338149,0.24643379869595475,,
2026-05-31 20:34:00+00:00,0.3398,0.3398,0.3394,0.3394,19857.4,50.294245687214925,0.22690123318033004,,
2026-05-31 20:35:00+00:00,0.3395,0.34,0.3393,0.3394,23299.7,50.29424568721493,0.22277024995027667,,
2026-05-31 20:36:00+00:00,0.3395,0.3399,0.3393,0.3399,3655.4,56.06651085750778,0.21325854153132953,,
2026-05-31 20:37:00+00:00,0.3399,0.3399,0.3394,0.3395,6607.5,50.820534698109135,0.20026292375021834,,
2026-05-31 20:38:00+00:00,0.3395,0.3397,0.3386,0.3389,35117.1,43.96449093359057,0.22540988518902066,,
2026-05-31 20:39:00+00:00,0.3389,0.3395,0.3388,0.3394,3689.7,50.18684404658386,0.22131151465070112,,
2026-05-31 20:40:00+00:00,0.3393,0.3393,0.3386,0.3388,21314.0,43.714578032097876,0.22458825991132741,,
2026-05-31 20:41:00+00:00,0.3387,0.3387,0.3379,0.3379,24839.4,35.98088304580475,0.2334193606580835,,
2026-05-31 20:42:00+00:00,0.338,0.3386,0.3377,0.3379,10296.7,35.98088304580475,0.24000568680998333,,
2026-05-31 20:43:00+00:00,0.3378,0.3385,0.3378,0.3382,18820.3,40.32542327211177,0.23322985587958417,,
2026-05-31 20:44:00+00:00,0.3382,0.3387,0.338,0.3387,9421.4,46.98762317604118,0.2276429577997634,,
2026-05-31 20:45:00+00:00,0.3388,0.3389,0.3385,0.3387,6054.4,46.98762317604118,0.20573408870806908,,
2026-05-31 20:46:00+00:00,0.3387,0.3387,0.3381,0.3381,6044.2,40.31902484336008,0.20037180915805441,,
2026-05-31 20:47:00+00:00,0.3382,0.3386,0.338,0.3382,10133.9,41.84738796232888,0.19573201342717428,,
2026-05-31 20:48:00+00:00,0.3384,0.3385,0.3381,0.3383,9126.9,43.45630018601163,0.18018697473501774,,
2026-05-31 20:49:00+00:00,0.3381,0.3381,0.3378,0.3378,5342.8,37.666704402714785,0.17396626063435527,,
2026-05-31 20:50:00+00:00,0.3379,0.3383,0.3379,0.3382,2794.4,44.266891394020035,0.1685767069007338,,
2026-05-31 20:51:00+00:00,0.3382,0.3383,0.3378,0.3379,26128.9,40.67758854277621,0.16457565498390814,,
2026-05-31 20:52:00+00:00,0.3379,0.3383,0.3378,0.3383,1247.5,47.039392267947434,0.16106441340600078,,
2026-05-31 20:53:00+00:00,0.3382,0.3383,0.3378,0.3381,11251.0,44.39444168225696,0.1585047998941143,,
2026-05-31 20:54:00+00:00,0.3381,0.3384,0.3378,0.3383,26062.5,47.664175659308036,0.16220034961678936,,
2026-05-31 20:55:00+00:00,0.3383,0.3387,0.3383,0.3384,7659.3,49.31979345404909,0.15336259639565042,,
2026-05-31 20:56:00+00:00,0.3383,0.3384,0.3381,0.3381,16712.1,44.61519504191768,0.14054517035264658,,
2026-05-31 20:57:00+00:00,0.3382,0.3385,0.3374,0.3375,65447.6,36.81191481830348,0.17782120793180667,,
2026-05-31 20:58:00+00:00,0.3373,0.3379,0.337,0.3379,34419.9,44.05940624691896,0.19535876336663785,,
2026-05-31 20:59:00+00:00,0.338,0.3387,0.338,0.3382,11662.5,48.93978890635612,0.20345766089080428,,
2026-05-31 21:00:00+00:00,0.3382,0.3393,0.3381,0.339,27572.3,59.42757829351096,0.2331784800313144,,
2026-05-31 21:01:00+00:00,0.3389,0.339,0.3378,0.338,49177.1,46.237126025064676,0.2581006029127016,,
2026-05-31 21:02:00+00:00,0.338,0.338,0.3369,0.3371,19453.4,37.838542379321154,0.2722942836772335,,
2026-05-31 21:03:00+00:00,0.3372,0.3375,0.3371,0.3373,83989.6,40.50679863466751,0.24142402141143368,,
2026-05-31 21:04:00+00:00,0.3372,0.3378,0.337,0.337,35440.0,37.802378141041885,0.24078889595744987,,
2026-05-31 21:05:00+00:00,0.3371,0.3377,0.3369,0.3373,38215.7,42.09773582426018,0.2398953049218172,,
2026-05-31 21:06:00+00:00,0.3374,0.3374,0.337,0.3372,5618.9,41.04782611407438,0.21569795100860695,,
2026-05-31 21:07:00+00:00,0.3373,0.3375,0.3373,0.3374,4544.6,44.14349470215683,0.19023912052187986,,
2026-05-31 21:08:00+00:00,0.3373,0.3376,0.3372,0.3372,15752.4,41.70988399010584,0.17600635649841648,,
2026-05-31 21:09:00+00:00,0.3373,0.3375,0.337,0.3374,11625.6,45.074356913005154,0.17036003179908965,,
2026-05-31 21:10:00+00:00,0.3373,0.3375,0.337,0.3375,28122.4,46.78089954565889,0.16587727343173417,,
2026-05-31 21:11:00+00:00,0.3375,0.3377,0.3373,0.3377,7277.9,50.218071020274614,0.15631289258681805,,
2026-05-31 21:12:00+00:00,0.3377,0.3378,0.3375,0.3376,12251.4,48.47862306008904,0.14285986688760102,,
2026-05-31 21:13:00+00:00,0.3375,0.3376,0.3363,0.3369,66677.7,38.19001220068658,0.19169959290294972,,
2026-05-31 21:14:00+00:00,0.3368,0.3375,0.3368,0.3371,17257.0,42.09156711382243,0.19479938973362113,,
2026-05-31 21:15:00+00:00,0.3372,0.3384,0.3372,0.3384,13810.7,60.22442849647026,0.2320729888397232,,
2026-05-31 21:16:00+00:00,0.3385,0.3386,0.3382,0.3385,9324.3,61.26120413717595,0.20923722168002976,,
2026-05-31 21:17:00+00:00,0.3384,0.3398,0.3379,0.3396,45742.7,70.62082289919192,0.2787439329533343,,
2026-05-31 21:18:00+00:00,0.3395,0.341,0.3381,0.3391,341206.2,62.94053843715361,0.3943649416241879,,
2026-05-31 21:19:00+00:00,0.3391,0.3391,0.3382,0.3382,40893.8,51.69621616833495,0.36955446884627424,,
2026-05-31 21:20:00+00:00,0.3383,0.3387,0.3382,0.3385,26286.8,54.69396422310193,0.32492365462643413,,
2026-05-31 21:21:00+00:00,0.3385,0.3415,0.3385,0.3401,260608.5,66.87585852728989,0.4351347417607716,,
2026-05-31 21:22:00+00:00,0.3404,0.3404,0.3399,0.3401,16187.3,66.87585852728989,0.3775109101389907,,
2026-05-31 21:23:00+00:00,0.34,0.3414,0.3396,0.3409,70904.9,71.59104625871751,0.4069028114714461,,
2026-05-31 21:24:00+00:00,0.3408,0.3434,0.3403,0.3428,131317.0,79.34860218127817,0.5045814899197568,,
2026-05-31 21:25:00+00:00,0.3426,0.3432,0.3423,0.3425,112303.8,75.72106770389236,0.45657351181195416,,
2026-05-31 21:26:00+00:00,0.3426,0.3436,0.3426,0.3433,73988.6,78.61746235276779,0.4284915299635166,,
2026-05-31 21:27:00+00:00,0.3433,0.3459,0.3432,0.3454,72594.1,84.1369771362197,0.4970495477393741,,
2026-05-31 21:28:00+00:00,0.3453,0.3458,0.3448,0.3456,59276.7,84.55876292024462,0.45527989303050886,,
2026-05-31 21:29:00+00:00,0.3456,0.3464,0.345,0.3453,82881.5,80.97052135112905,0.4456292639011738,,
2026-05-31 21:30:00+00:00,0.3453,0.3453,0.3445,0.3445,45150.8,71.92693241465648,0.40377540743123574,,
2026-05-31 21:31:00+00:00,0.3444,0.3463,0.3444,0.3463,95499.0,78.05462416081008,0.43107277588232407,,
2026-05-31 21:32:00+00:00,0.3463,0.3464,0.3453,0.3458,45523.5,73.12803940711647,0.408977448902368,,
2026-05-31 21:33:00+00:00,0.3457,0.3457,0.3446,0.3448,36865.0,64.13275853628446,0.3977364311611098,,
2026-05-31 21:34:00+00:00,0.3446,0.3455,0.3445,0.3454,10078.1,66.85112690715145,0.3755402929110612,,
2026-05-31 21:35:00+00:00,0.3453,0.3463,0.345,0.3462,59255.9,70.19739536992768,0.37483909225067846,,
2026-05-31 21:36:00+00:00,0.3461,0.3468,0.3455,0.3462,62262.8,70.19739536992769,0.3749723714319711,,
2026-05-31 21:37:00+00:00,0.3461,0.3471,0.3456,0.3464,26355.3,71.09788079745047,0.3864097805767862,,
2026-05-31 21:38:00+00:00,0.3464,0.3474,0.346,0.3473,78936.0,74.89119271487895,0.38894868526760507,,
2026-05-31 21:39:00+00:00,0.3473,0.3475,0.3465,0.347,19825.2,71.41949519179641,0.3690648493220502,,
2026-05-31 21:40:00+00:00,0.347,0.347,0.3455,0.3458,53340.9,59.21871521911595,0.38303181657548047,,
2026-05-31 21:41:00+00:00,0.3457,0.3482,0.3455,0.3479,91723.5,69.3874314648605,0.45979281902110275,,
2026-05-31 21:42:00+00:00,0.3479,0.3482,0.3476,0.3482,11794.1,70.55291717573724,0.4019802911830933,,
2026-05-31 21:43:00+00:00,0.3482,0.3532,0.3474,0.352,278419.2,80.82659991232853,0.6476580395226222,,
2026-05-31 21:44:00+00:00,0.352,0.3552,0.3516,0.3532,309809.9,82.91774520066326,0.7202166022921015,,
2026-05-31 21:45:00+00:00,0.3533,0.3533,0.3517,0.3524,58628.7,76.7196542936522,0.668287182586992,,
2026-05-31 21:46:00+00:00,0.3522,0.3522,0.3508,0.3508,50709.7,65.79104869070737,0.6282882625853039,,
2026-05-31 21:47:00+00:00,0.3507,0.3524,0.3501,0.3524,42496.3,70.46563557223364,0.6308820034391006,,
2026-05-31 21:48:00+00:00,0.3522,0.3523,0.3514,0.3515,37327.6,64.92105073942243,0.5628968830997191,,
2026-05-31 21:49:00+00:00,0.3515,0.3518,0.351,0.3513,43040.4,63.68377796817626,0.4961189966627995,,
2026-05-31 21:50:00+00:00,0.3512,0.3521,0.351,0.3511,24006.3,62.363194788706465,0.459781494793831,,
2026-05-31 21:51:00+00:00,0.3511,0.3512,0.3486,0.349,77155.9,50.21487721427387,0.5190356053228972,,
2026-05-31 21:52:00+00:00,0.349,0.3499,0.3488,0.3497,34127.9,53.56506289832147,0.4773083814874254,,
2026-05-31 21:53:00+00:00,0.3497,0.3498,0.3494,0.3496,15810.2,52.998959077097076,0.4048392242703729,,
2026-05-31 21:54:00+00:00,0.3495,0.3514,0.3491,0.3503,46255.7,56.56897442061772,0.4545402062344769,,
2026-05-31 21:55:00+00:00,0.3504,0.3507,0.3495,0.3506,29476.7,58.08502106633628,0.4317750923991742,,
2026-05-31 21:56:00+00:00,0.3508,0.351,0.3502,0.351,19707.7,60.146031901527984,0.39061047839350355,,
2026-05-31 21:57:00+00:00,0.351,0.3517,0.3509,0.3517,29307.8,63.62397009757228,0.35735974504662,,
2026-05-31 21:58:00+00:00,0.3517,0.3518,0.3509,0.3509,16797.4,57.27682186470593,0.33783624356317254,,
2026-05-31 21:59:00+00:00,0.3509,0.3519,0.3501,0.3518,26588.8,62.01372589947057,0.3719084431297702,,
2026-05-31 22:00:00+00:00,0.3518,0.352,0.3507,0.3509,36762.3,55.21195987150575,0.37238504484024476,,
2026-05-31 22:01:00+00:00,0.3508,0.3508,0.3474,0.3489,123575.8,43.4459728162499,0.500246287725863,,
2026-05-31 22:02:00+00:00,0.3489,0.3492,0.3468,0.3473,46151.9,36.526798272716206,0.5402497662828769,,
2026-05-31 22:03:00+00:00,0.3473,0.3475,0.3466,0.347,32203.1,35.35379411564827,0.4844466716542757,,
2026-05-31 22:04:00+00:00,0.3469,0.3469,0.3454,0.3457,147030.5,30.619401874445217,0.48158054975767056,,
2026-05-31 22:05:00+00:00,0.3456,0.3456,0.3431,0.3449,123974.3,28.050904086182836,0.5369264042939437,,
2026-05-31 22:06:00+00:00,0.3449,0.345,0.3441,0.3447,25500.4,27.4121652341162,0.48200967064921413,,
2026-05-31 22:07:00+00:00,0.3447,0.3456,0.3446,0.3453,23768.6,32.533064134530406,0.44285834572321836,,
2026-05-31 22:08:00+00:00,0.3452,0.3455,0.3443,0.3443,46941.1,28.773930304823054,0.4250223334957346,,
2026-05-31 22:09:00+00:00,0.3443,0.3473,0.3443,0.3472,143191.4,48.098123361667156,0.5099889157202337,,
2026-05-31 22:10:00+00:00,0.3473,0.3481,0.3468,0.3479,60150.0,51.61857645846417,0.48190434386448006,,
2026-05-31 22:11:00+00:00,0.348,0.3483,0.3472,0.3483,21946.0,53.61614541336073,0.448244665473333,,
2026-05-31 22:12:00+00:00,0.3483,0.3496,0.3482,0.3495,14230.8,59.22751715989607,0.4374789516094128,,
2026-05-31 22:13:00+00:00,0.3496,0.3496,0.3485,0.3495,37370.3,59.22751715989607,0.41293022852644556,,
2026-05-31 22:14:00+00:00,0.3495,0.3509,0.3492,0.3498,53332.4,60.69510412098316,0.42725926785589985,,
2026-05-31 22:15:00+00:00,0.3498,0.3525,0.3497,0.3523,34508.1,70.52021130255245,0.49833730773997836,,
2026-05-31 22:16:00+00:00,0.3522,0.3524,0.3507,0.3507,32217.2,59.87667830820703,0.4974376584358,,
2026-05-31 22:17:00+00:00,0.3506,0.3507,0.3494,0.3496,43805.8,53.68695582170129,0.473572967536466,,
2026-05-31 22:18:00+00:00,0.3496,0.3508,0.3486,0.349,83979.5,50.521709096831366,0.5055842050446947,,
2026-05-31 22:19:00+00:00,0.3489,0.3501,0.3489,0.35,64051.9,55.39202910549099,0.4718831715670841,,
2026-05-31 22:20:00+00:00,0.35,0.3506,0.3495,0.3498,24120.3,54.20631448549054,0.4406154603738835,,
2026-05-31 22:21:00+00:00,0.3498,0.3507,0.3497,0.3505,15834.6,57.72546075499277,0.4088497301883811,,
2026-05-31 22:22:00+00:00,0.3505,0.3509,0.35,0.3502,30130.7,55.68761619817207,0.3787591785974365,,
2026-05-31 22:23:00+00:00,0.3502,0.3504,0.3491,0.3492,28563.8,49.24841311027458,0.378330960698331,,
2026-05-31 22:24:00+00:00,0.3491,0.3503,0.3489,0.3496,22493.1,51.72912402248432,0.3824100033772483,,
2026-05-31 22:25:00+00:00,0.3495,0.3495,0.3483,0.3483,41055.0,43.96831183573416,0.3817181445436384,,
2026-05-31 22:26:00+00:00,0.3482,0.3491,0.3466,0.3491,106976.1,49.18144138441221,0.4479001540980792,,
2026-05-31 22:27:00+00:00,0.3491,0.3493,0.3485,0.3491,13659.7,49.18144138441221,0.404152263066491,,
2026-05-31 22:28:00+00:00,0.349,0.3492,0.3478,0.3489,82168.8,47.80858321120022,0.40375936953055275,,
2026-05-31 22:29:00+00:00,0.3488,0.3496,0.3482,0.3483,23394.6,43.73881068178181,0.40395439340616746,,
2026-05-31 22:30:00+00:00,0.3484,0.3489,0.3482,0.3487,4173.8,47.076016695651305,0.36294193340606273,,
2026-05-31 22:31:00+00:00,0.3485,0.3493,0.3474,0.3487,137538.0,47.076016695651305,0.3993297440291239,,
2026-05-31 22:32:00+00:00,0.3487,0.3502,0.3487,0.3488,69527.9,48.02750330153297,0.40538138014439346,,
2026-05-31 22:33:00+00:00,0.3487,0.3491,0.3482,0.3483,22547.8,43.66613828201182,0.3764502449482969,,
2026-05-31 22:34:00+00:00,0.3482,0.3488,0.3481,0.3483,20371.0,43.666138282011815,0.3413554299523198,,
2026-05-31 22:35:00+00:00,0.3481,0.3481,0.3477,0.3478,13401.8,39.26419808042553,0.3079795198444917,,
2026-05-31 22:36:00+00:00,0.3478,0.3489,0.3478,0.3488,21468.4,50.38005854561438,0.30875063532549063,,
2026-05-31 22:37:00+00:00,0.3489,0.349,0.348,0.3483,10845.7,45.73030524217613,0.30477685122372933,,
2026-05-31 22:38:00+00:00,0.3483,0.3483,0.3472,0.3478,21012.9,41.476915438845566,0.30742674475267323,,
2026-05-31 22:39:00+00:00,0.3478,0.3479,0.3472,0.3478,57169.4,41.476915438845566,0.28619441477856056,,
2026-05-31 22:40:00+00:00,0.3478,0.3481,0.3477,0.3479,12239.8,42.790754833460895,0.25188483463060335,,
2026-05-31 22:41:00+00:00,0.3478,0.3481,0.3474,0.3474,9494.6,38.045632874053574,0.24209725726652334,,
2026-05-31 22:42:00+00:00,0.3473,0.3478,0.3469,0.3478,25956.1,43.60453573964831,0.24520894117168604,,
2026-05-31 22:43:00+00:00,0.3478,0.348,0.3475,0.3478,13839.0,43.60453573964831,0.22491930934907972,,
2026-05-31 22:44:00+00:00,0.3478,0.3482,0.3478,0.348,14557.2,46.564148429289105,0.20282054204967867,,
2026-05-31 22:45:00+00:00,0.348,0.3481,0.3474,0.3474,17321.9,39.63135349353414,0.20283603600066555,,
2026-05-31 22:46:00+00:00,0.3473,0.3475,0.3469,0.3469,19148.4,34.82977917719456,0.19709481442866753,,
2026-05-31 22:47:00+00:00,0.3469,0.3478,0.3468,0.3476,15399.3,45.16436655065868,0.2148957218073758,,
2026-05-31 22:48:00+00:00,0.3478,0.3489,0.3478,0.3483,15223.5,53.37891693679606,0.24621935779556248,,
2026-05-31 22:49:00+00:00,0.3482,0.3484,0.347,0.3475,20834.9,44.847707256089805,0.27800449455008863,,
2026-05-31 22:50:00+00:00,0.3474,0.3476,0.3467,0.3467,11462.7,38.084580524119474,0.2748348701613062,,
2026-05-31 22:51:00+00:00,0.3466,0.3479,0.3463,0.3479,49535.2,50.52057850692913,0.31108996719729715,,
2026-05-31 22:52:00+00:00,0.3478,0.3483,0.3478,0.3482,9008.2,53.13529844331569,0.2773766791222049,,
2026-05-31 22:53:00+00:00,0.348,0.3482,0.3474,0.3479,43420.9,50.188424118621576,0.2680829196213908,,
2026-05-31 22:54:00+00:00,0.3479,0.3486,0.3478,0.3481,13773.8,52.15400236336247,0.2603069180954494,,
2026-05-31 22:55:00+00:00,0.3481,0.3482,0.3476,0.3479,18693.8,49.96337111270863,0.24285792052664715,,
2026-05-31 22:56:00+00:00,0.3479,0.3494,0.3478,0.3493,13676.1,62.28463977066874,0.28511942868873813,,
2026-05-31 22:57:00+00:00,0.3492,0.3493,0.3486,0.349,28308.7,58.835149263924414,0.26840622679879816,,
2026-05-31 22:58:00+00:00,0.349,0.3499,0.349,0.3492,54642.8,60.457355041890246,0.2661483921025907,,
2026-05-31 22:59:00+00:00,0.3493,0.3495,0.3483,0.3486,15357.7,53.437840992846674,0.2821319989035551,,
2026-05-31 23:00:00+00:00,0.3489,0.3496,0.3486,0.3495,16891.2,60.987253841085334,0.28234898956859367,,
2026-05-31 23:01:00+00:00,0.3495,0.3497,0.3482,0.3487,23316.9,52.569121418523615,0.3124312517447055,,
2026-05-31 23:02:00+00:00,0.3488,0.349,0.3484,0.3489,5895.0,54.32056012821026,0.28419553449900503,,
2026-05-31 23:03:00+00:00,0.349,0.352,0.349,0.3516,47395.3,70.60320660994329,0.40194726276837917,,
2026-05-31 23:04:00+00:00,0.3517,0.3528,0.351,0.351,43219.7,64.8918490503377,0.4246715842492597,,
2026-05-31 23:05:00+00:00,0.3509,0.3512,0.3503,0.3507,39590.5,62.10097130964852,0.3913538091166021,,
2026-05-31 23:06:00+00:00,0.3507,0.3511,0.3502,0.3502,23058.6,57.51982210177273,0.3649292538142608,,
2026-05-31 23:07:00+00:00,0.3503,0.3503,0.3495,0.3501,24789.4,56.59209698005313,0.3377280198474829,,
2026-05-31 23:08:00+00:00,0.35,0.3509,0.3495,0.3509,12469.8,62.03502267097058,0.3493612533453499,,
2026-05-31 23:09:00+00:00,0.3509,0.3511,0.3495,0.3507,31902.6,59.94703093031851,0.370894471169397,,
2026-05-31 23:10:00+00:00,0.3507,0.3507,0.3495,0.35,19101.3,53.008565657223116,0.36588043666081926,,
2026-05-31 23:11:00+00:00,0.3502,0.3503,0.3499,0.3499,3203.3,52.05226420151325,0.3156516783796216,,
2026-05-31 23:12:00+00:00,0.3499,0.3504,0.3497,0.35,20733.4,52.99449006877099,0.29244919374863787,,
2026-05-31 23:13:00+00:00,0.3499,0.3502,0.3497,0.3497,9153.7,49.73656245820525,0.262756003001483,,
2026-05-31 23:14:00+00:00,0.3496,0.3496,0.3485,0.3487,16505.5,40.51226198862127,0.27963469859390755,,
2026-05-31 23:15:00+00:00,0.3488,0.3492,0.3486,0.349,15798.9,43.97574086167976,0.2578994140967228,,
2026-05-31 23:16:00+00:00,0.349,0.3497,0.349,0.3496,7508.6,50.39386305766344,0.24601120256237322,,
2026-05-31 23:17:00+00:00,0.3494,0.3495,0.3486,0.349,26440.3,44.7036057617321,0.2544539058241964,,
2026-05-31 23:18:00+00:00,0.349,0.3493,0.349,0.3492,3162.0,46.923306117946396,0.22062866697055006,,
2026-05-31 23:19:00+00:00,0.3493,0.3495,0.3488,0.3491,4272.1,45.899695370727855,0.21665661531049107,,
2026-05-31 23:20:00+00:00,0.3491,0.3493,0.3488,0.3491,2172.5,45.899695370727855,0.20197037961590933,,
2026-05-31 23:21:00+00:00,0.3492,0.3494,0.3476,0.3478,63394.8,33.997003187014016,0.2656880035052632,,
2026-05-31 23:22:00+00:00,0.3478,0.3481,0.3468,0.3472,98515.8,30.006593526748187,0.28780250603486435,,
2026-05-31 23:23:00+00:00,0.3475,0.348,0.3475,0.3477,4176.0,36.86785025524368,0.27592759297165165,,
2026-05-31 23:24:00+00:00,0.3478,0.348,0.3474,0.3477,23341.4,36.86785025524368,0.2552545851624803,,
2026-05-31 23:25:00+00:00,0.3477,0.3479,0.3469,0.3479,41761.3,39.78287040775654,0.26157405981257703,,
2026-05-31 23:26:00+00:00,0.3477,0.3483,0.3475,0.3476,14282.3,36.94012422660485,0.2554697707912454,,
2026-05-31 23:27:00+00:00,0.3476,0.3484,0.3476,0.3483,8926.6,46.79648461207848,0.24990248022287934,,
2026-05-31 23:28:00+00:00,0.3481,0.3483,0.3478,0.3482,12676.3,45.66358120565839,0.22869852696525877,,
2026-05-31 23:29:00+00:00,0.3482,0.3482,0.3476,0.348,5314.3,43.332380391883376,0.21754672894092608,,
2026-05-31 23:30:00+00:00,0.3481,0.3481,0.3469,0.347,11634.8,33.75794429743142,0.24370319693704467,,
2026-05-31 23:31:00+00:00,0.347,0.3472,0.3463,0.3467,58135.6,31.442191429422333,0.24704934372576826,,
2026-05-31 23:32:00+00:00,0.3467,0.3475,0.3467,0.3473,33478.8,40.510821315925256,0.24336771084301304,,
2026-05-31 23:33:00+00:00,0.3472,0.3473,0.346,0.3462,15376.2,31.912019108814484,0.2704138786268724,,
2026-05-31 23:34:00+00:00,0.3463,0.3469,0.3463,0.3469,15552.2,40.79730192823199,0.2562520260146963,,
2026-05-31 23:35:00+00:00,0.3468,0.3471,0.3467,0.3467,12950.6,39.1743988380941,0.2281945839619231,,
2026-05-31 23:36:00+00:00,0.3467,0.3467,0.3465,0.3465,12137.4,37.51619681482931,0.19420504995001348,,
2026-05-31 23:37:00+00:00,0.3464,0.3464,0.3454,0.3461,30609.2,34.29068425258675,0.21910904318446553,,
2026-05-31 23:38:00+00:00,0.3461,0.3463,0.3456,0.346,16532.3,33.4908435196048,0.21580032334368324,,
2026-05-31 23:39:00+00:00,0.3461,0.3472,0.3458,0.3469,41257.8,46.0701471836739,0.25290726290438675,,
2026-05-31 23:40:00+00:00,0.3469,0.347,0.3466,0.3466,1808.8,43.05417930181572,0.22558229544496403,,
2026-05-31 23:41:00+00:00,0.3466,0.3469,0.3455,0.3456,59268.5,34.652315949761096,0.26200653611394636,,
2026-05-31 23:42:00+00:00,0.3459,0.346,0.3451,0.3457,18976.3,36.03917350361427,0.26161286405780454,,
2026-05-31 23:43:00+00:00,0.3458,0.3466,0.3458,0.3461,20626.0,41.55216782899005,0.2610564972083983,,
2026-05-31 23:44:00+00:00,0.3462,0.347,0.3462,0.3469,10211.7,50.94768105232603,0.26025172368711574,,
2026-05-31 23:45:00+00:00,0.347,0.3471,0.3457,0.3459,19214.0,41.648950453411906,0.2897515419417422,,
2026-05-31 23:46:00+00:00,0.346,0.3467,0.3459,0.3466,4602.2,48.90255623975637,0.2774958069420639,,
2026-05-31 23:47:00+00:00,0.3466,0.3467,0.3463,0.3465,9003.3,47.956296496409756,0.24514873693764994,,
2026-05-31 23:48:00+00:00,0.3465,0.3473,0.3464,0.347,15399.0,53.00791990896776,0.24770959619342023,,
2026-05-31 23:49:00+00:00,0.347,0.3473,0.3465,0.3466,12486.7,48.797656956614446,0.2445590995478762,,
2026-05-31 23:50:00+00:00,0.3466,0.3467,0.3461,0.3467,19429.3,49.902951677646904,0.23020290488213122,,
2026-05-31 23:51:00+00:00,0.3468,0.3471,0.3466,0.3471,5888.5,54.28856739939258,0.21276023537340227,,
2026-05-31 23:52:00+00:00,0.3472,0.3481,0.3472,0.3481,13349.8,63.230040717356516,0.2271739791970306,,
2026-05-31 23:53:00+00:00,0.348,0.3483,0.3476,0.3478,23516.2,59.359654015756036,0.22214896413682766,,
2026-05-31 23:54:00+00:00,0.3478,0.3478,0.3465,0.3468,92886.3,48.38938586259876,0.2532027906038967,,
2026-05-31 23:55:00+00:00,0.3468,0.3517,0.3468,0.3513,187619.8,73.17606588930676,0.478931347068447,,
2026-05-31 23:56:00+00:00,0.3513,0.3519,0.3501,0.3505,80132.6,66.83558695886654,0.48673000222572244,,
2026-05-31 23:57:00+00:00,0.3505,0.3505,0.3498,0.3501,11581.2,63.76606921846082,0.4298174596517913,,
2026-05-31 23:58:00+00:00,0.3502,0.3508,0.3495,0.3497,28839.3,60.670113914053225,0.41859672318923125,,
2026-05-31 23:59:00+00:00,0.3497,0.3499,0.3496,0.3497,6386.3,60.670113914053225,0.3520349421773482,,
2026-06-01 00:00:00+00:00,0.3498,0.3506,0.3485,0.3486,47190.4,52.08467216609007,0.40299855256321243,,
2026-06-01 00:01:00+00:00,0.3486,0.3508,0.3482,0.3508,41375.8,63.547718285505326,0.4686095676705488,,
2026-06-01 00:02:00+00:00,0.3506,0.3531,0.3505,0.3524,70258.0,69.4530947175444,0.5207451449235634,,
2026-06-01 00:03:00+00:00,0.3523,0.3545,0.3516,0.354,101965.3,74.11286354742266,0.5785550035504242,,
2026-06-01 00:04:00+00:00,0.354,0.3544,0.3524,0.3535,92891.8,70.38479804160819,0.5766528345275251,,
2026-06-01 00:05:00+00:00,0.3537,0.3542,0.3528,0.3541,39002.0,72.24624404491455,0.5396142942795379,,
2026-06-01 00:06:00+00:00,0.3542,0.3561,0.3539,0.3561,114685.9,77.48711173625887,0.5528276812229942,,
2026-06-01 00:07:00+00:00,0.356,0.3573,0.3549,0.3563,96565.3,77.94976136205699,0.5767318266258963,,
2026-06-01 00:08:00+00:00,0.3562,0.3571,0.3554,0.3565,69640.8,78.44201247443797,0.5564982885314027,,
2026-06-01 00:09:00+00:00,0.3566,0.3586,0.3564,0.3572,83881.4,80.16408407998466,0.5675064722540751,,
2026-06-01 00:10:00+00:00,0.3571,0.3576,0.356,0.3575,86174.1,80.89096368046013,0.5431346839477603,,
2026-06-01 00:11:00+00:00,0.3576,0.3579,0.3568,0.3571,29753.1,76.72565625138986,0.4966018471270211,,
2026-06-01 00:12:00+00:00,0.3571,0.3596,0.3567,0.3584,78254.7,80.37487809808867,0.5576708026987905,,
2026-06-01 00:13:00+00:00,0.3583,0.3608,0.3582,0.3598,94237.6,83.47516645504763,0.5889254378815927,,
2026-06-01 00:14:00+00:00,0.3598,0.362,0.3596,0.362,83660.0,87.04778021949451,0.600873751491265,,
2026-06-01 00:15:00+00:00,0.3621,0.3622,0.3604,0.361,70747.2,78.47867553715948,0.5817535690633541,,
2026-06-01 00:16:00+00:00,0.361,0.3617,0.3592,0.3606,69753.1,75.18902559662918,0.6045769016791368,,
2026-06-01 00:17:00+00:00,0.3607,0.3611,0.3593,0.3596,26034.2,67.34723419910307,0.5851177547174549,,
2026-06-01 00:18:00+00:00,0.3596,0.3596,0.3578,0.3581,119356.3,57.37422126709683,0.5705855226951041,,
2026-06-01 00:19:00+00:00,0.3581,0.3588,0.3577,0.3579,56302.9,56.14254953174491,0.5181931839667314,,
2026-06-01 00:20:00+00:00,0.3579,0.3579,0.3563,0.3567,92795.7,49.1136246919974,0.5056604217363453,,
2026-06-01 00:21:00+00:00,0.3568,0.3579,0.3559,0.3578,47741.6,54.868612216313025,0.5150789769331569,,
2026-06-01 00:22:00+00:00,0.3578,0.3597,0.3575,0.3591,67706.5,60.70434689821165,0.5330999898561614,,
2026-06-01 00:23:00+00:00,0.3593,0.3611,0.3593,0.3609,50255.7,67.22443771417673,0.535186935677135,,
2026-06-01 00:24:00+00:00,0.3609,0.3629,0.36,0.3606,119845.5,65.2204315996567,0.5893487855482605,,
2026-06-01 00:25:00+00:00,0.3606,0.3609,0.3597,0.3609,40264.5,66.3355000358194,0.537587524674319,,
2026-06-01 00:26:00+00:00,0.3607,0.3607,0.3599,0.36,29925.2,59.93070193556819,0.48670075034435956,,
2026-06-01 00:27:00+00:00,0.3599,0.3613,0.3593,0.3604,54280.5,61.75425150808049,0.4999162488878345,,
2026-06-01 00:28:00+00:00,0.3603,0.3614,0.3599,0.3613,37661.2,65.6611456958792,0.48197025430207713,,
2026-06-01 00:29:00+00:00,0.3614,0.3621,0.3608,0.3619,37295.9,68.07672942107602,0.4567800008385513,,
2026-06-01 00:30:00+00:00,0.3621,0.3651,0.3621,0.3635,191379.1,73.5828789677021,0.5398815566513812,,
2026-06-01 00:31:00+00:00,0.3637,0.364,0.3607,0.3607,119573.1,55.10260855585854,0.6182355327813168,,
2026-06-01 00:32:00+00:00,0.3606,0.3608,0.3599,0.36,75099.8,51.509143905271024,0.5455501259427139,,
2026-06-01 00:33:00+00:00,0.3599,0.3611,0.3596,0.361,56275.1,56.05779394738849,0.518333618480614,,
2026-06-01 00:34:00+00:00,0.3611,0.3617,0.3605,0.3616,65252.9,58.64403820730503,0.48035052272456313,,
2026-06-01 00:35:00+00:00,0.3614,0.3616,0.36,0.3601,46587.2,50.403658186159916,0.4747453463309121,,
2026-06-01 00:36:00+00:00,0.3601,0.3602,0.3593,0.36,42091.2,49.884434309216566,0.4299017760305816,,
2026-06-01 00:37:00+00:00,0.3598,0.3607,0.3593,0.3599,25214.9,49.31992321651317,0.4218163698160815,,
2026-06-01 00:38:00+00:00,0.3598,0.3601,0.3593,0.3599,17059.5,49.31992321651316,0.38190988940662834,,
2026-06-01 00:39:00+00:00,0.3597,0.36,0.359,0.3599,33169.1,49.31992321651316,0.3610989034675089,,
2026-06-01 00:40:00+00:00,0.3598,0.3598,0.3579,0.3582,73251.6,39.02221205340241,0.40191958762246005,,
2026-06-01 00:41:00+00:00,0.3581,0.3582,0.356,0.3568,133190.1,32.762771100543794,0.44611568674073115,,
2026-06-01 00:42:00+00:00,0.3567,0.3576,0.3566,0.3573,32641.8,36.786536987532905,0.41236849040938794,,
2026-06-01 00:43:00+00:00,0.3574,0.3585,0.357,0.3582,104436.3,43.54371264414014,0.4128180047420979,,
2026-06-01 00:44:00+00:00,0.3581,0.3587,0.3574,0.3574,23522.3,39.38558432803416,0.40374126311946296,,
2026-06-01 00:45:00+00:00,0.3574,0.3578,0.3563,0.3578,24073.0,42.43928260987216,0.40647764659339536,,
2026-06-01 00:46:00+00:00,0.3578,0.3594,0.3578,0.3591,19371.1,51.299156437813096,0.4131165735474612,,
2026-06-01 00:47:00+00:00,0.359,0.3593,0.358,0.3581,17959.8,45.334999135757734,0.4040215840511453,,
2026-06-01 00:48:00+00:00,0.358,0.359,0.3579,0.3581,20241.1,45.334999135757734,0.38465262049419685,,
2026-06-01 00:49:00+00:00,0.3582,0.3591,0.358,0.3589,18674.1,50.965483201,0.3683345854532664,,
2026-06-01 00:50:00+00:00,0.359,0.3601,0.3585,0.3598,68440.4,56.55855791846556,0.3828688887585927,,
2026-06-01 00:51:00+00:00,0.36,0.3602,0.3591,0.3596,43769.2,55.00927886371079,0.36764455211422203,,
2026-06-01 00:52:00+00:00,0.3597,0.3598,0.3586,0.359,36896.3,50.40672821441314,0.36145956755493064,,
2026-06-01 00:53:00+00:00,0.359,0.3591,0.358,0.3581,45579.4,44.23786010267825,0.3513297620825911,,
2026-06-01 00:54:00+00:00,0.3581,0.3582,0.3555,0.3572,70789.7,38.942469987393366,0.43294778902973513,,
2026-06-01 00:55:00+00:00,0.3573,0.3577,0.3561,0.3561,43994.1,33.497193482855586,0.4372905369085563,,
2026-06-01 00:56:00+00:00,0.3561,0.3562,0.3549,0.3552,85754.7,29.719356913713124,0.4239170274620214,,
2026-06-01 00:57:00+00:00,0.3553,0.3564,0.3542,0.3556,127205.4,33.42708025898939,0.46248667751295724,,
2026-06-01 00:58:00+00:00,0.3557,0.3569,0.3556,0.3569,49719.2,44.08022569768046,0.441491202070287,,
2026-06-01 00:59:00+00:00,0.3569,0.3577,0.3569,0.3571,32381.1,45.56913959932503,0.39780052650548536,,
2026-06-01 01:00:00+00:00,0.3572,0.3588,0.3568,0.3587,91710.8,55.986109536368524,0.4283346930919628,,
2026-06-01 01:01:00+00:00,0.3589,0.3593,0.3579,0.359,74406.5,57.67369333837937,0.42037583155896907,,
2026-06-01 01:02:00+00:00,0.3589,0.36,0.3584,0.359,91836.1,57.67369333837937,0.42543715549787114,,
2026-06-01 01:03:00+00:00,0.359,0.3595,0.3585,0.3594,21118.3,60.186503216283604,0.395619229435138,,
2026-06-01 01:04:00+00:00,0.3596,0.3631,0.3596,0.3605,319608.7,66.29975757117408,0.5208001133070471,,
2026-06-01 01:05:00+00:00,0.3606,0.3617,0.3604,0.3613,45049.6,70.01967478584065,0.4876799133068167,,
2026-06-01 01:06:00+00:00,0.3613,0.3617,0.36,0.36,32044.5,58.38370114628062,0.4859972281727861,,
2026-06-01 01:07:00+00:00,0.3599,0.3601,0.3585,0.3598,32554.7,56.77100208373631,0.47795220042735465,,
2026-06-01 01:08:00+00:00,0.3599,0.3604,0.3589,0.3599,45752.2,57.42435886349197,0.46561200714367823,,
2026-06-01 01:09:00+00:00,0.3599,0.36,0.3573,0.3576,204505.4,41.42445525389245,0.5258920836040477,,
2026-06-01 01:10:00+00:00,0.3575,0.3577,0.3562,0.3569,87129.2,37.857476164588846,0.5055959856470887,,
2026-06-01 01:11:00+00:00,0.3569,0.3573,0.3565,0.3565,32315.1,35.89503099301466,0.44981140483017457,,
2026-06-01 01:12:00+00:00,0.3564,0.3565,0.3553,0.3556,78930.5,31.77692305651256,0.42825144166919393,,
2026-06-01 01:13:00+00:00,0.3558,0.3566,0.3557,0.356,44858.1,35.43486197306687,0.3983959835001438,,
2026-06-01 01:14:00+00:00,0.3561,0.3572,0.3553,0.3564,130218.9,39.065049809566084,0.4249808532571302,,
2026-06-01 01:15:00+00:00,0.3564,0.3577,0.3562,0.357,87898.0,44.285940129166285,0.4234468932231737,,
2026-06-01 01:16:00+00:00,0.3571,0.3571,0.3549,0.3549,41285.9,33.21780265500946,0.46474058243036914,,
2026-06-01 01:17:00+00:00,0.355,0.3556,0.3546,0.355,46963.1,34.08937274252187,0.42802576384121255,,
2026-06-01 01:18:00+00:00,0.3551,0.3554,0.3542,0.3548,78637.2,33.128575258393965,0.4102573757917247,,
2026-06-01 01:19:00+00:00,0.355,0.3554,0.3545,0.3549,34178.6,34.159515191165035,0.37883193447372043,,
2026-06-01 01:20:00+00:00,0.3551,0.3577,0.3551,0.3573,53872.3,53.34146081677077,0.4577608811524747,,
2026-06-01 01:21:00+00:00,0.3574,0.3585,0.3571,0.3578,38386.0,56.28929912816617,0.4439529632996747,,
2026-06-01 01:22:00+00:00,0.3578,0.3609,0.3578,0.3603,56092.2,67.64553180247758,0.5247768421173986,,
2026-06-01 01:23:00+00:00,0.3603,0.3608,0.3597,0.3597,15937.7,63.26262295535986,0.481683839232468,,
2026-06-01 01:24:00+00:00,0.3596,0.3603,0.359,0.3601,55808.4,64.9450598541257,0.4571211929395599,,
2026-06-01 01:25:00+00:00,0.3601,0.3619,0.3601,0.3614,70333.8,69.91962120664043,0.4639941152795486,,
2026-06-01 01:26:00+00:00,0.3614,0.3614,0.3595,0.3598,28844.7,58.55612411503315,0.47846019624686864,,
2026-06-01 01:27:00+00:00,0.3599,0.361,0.3597,0.3609,16939.7,63.13311057573397,0.4536436211906292,,
2026-06-01 01:28:00+00:00,0.3609,0.3613,0.3605,0.3609,38907.9,63.13311057573397,0.407248507370903,,
2026-06-01 01:29:00+00:00,0.361,0.3625,0.3609,0.362,95111.3,67.5565606708649,0.41320659958046113,,
2026-06-01 01:30:00+00:00,0.362,0.3627,0.3609,0.3617,51146.2,65.18645315687685,0.430369453244407,,
2026-06-01 01:31:00+00:00,0.3618,0.3619,0.3601,0.3612,38180.1,61.20971399450078,0.44443993629790174,,
2026-06-01 01:32:00+00:00,0.3613,0.362,0.3611,0.362,6711.9,65.00506872314605,0.4044899557807788,,
2026-06-01 01:33:00+00:00,0.362,0.3622,0.3603,0.3606,90287.7,54.61462917990748,0.430228206306472,,
2026-06-01 01:34:00+00:00,0.3608,0.3651,0.3607,0.3645,137809.3,69.63669827364731,0.5874135334850236,,
2026-06-01 01:35:00+00:00,0.3646,0.3663,0.3643,0.3662,108969.3,73.83169199171502,0.5769792090776432,,
2026-06-01 01:36:00+00:00,0.3663,0.3664,0.3652,0.3663,99018.3,74.06587879850066,0.5269774203969039,,
2026-06-01 01:37:00+00:00,0.3664,0.3681,0.3657,0.3671,198631.0,75.97689104638776,0.551417769744233,,
2026-06-01 01:38:00+00:00,0.3669,0.3669,0.365,0.3662,49446.4,69.5689650177411,0.5569098050750577,,
2026-06-01 01:39:00+00:00,0.3663,0.3668,0.3651,0.3658,50086.9,66.78729999006231,0.5389619915111798,,
2026-06-01 01:40:00+00:00,0.3659,0.3676,0.3656,0.3673,32202.9,71.53037312854208,0.5383115632884066,,
2026-06-01 01:41:00+00:00,0.3675,0.3676,0.3662,0.367,63696.0,69.33015717315809,0.5072955579200668,,
2026-06-01 01:42:00+00:00,0.367,0.3674,0.3657,0.3658,16939.4,60.99208278718721,0.5001147506980077,,
2026-06-01 01:43:00+00:00,0.3659,0.3661,0.3634,0.3637,76105.3,49.432294303702754,0.5508759434816183,,
2026-06-01 01:44:00+00:00,0.3637,0.3658,0.3627,0.3658,86054.1,58.22881133741552,0.6076622868108569,,
2026-06-01 01:45:00+00:00,0.3657,0.3667,0.365,0.3661,63227.7,59.351203538261245,0.5786022715441953,,
2026-06-01 01:46:00+00:00,0.3663,0.3663,0.3636,0.3643,63258.1,50.33459656895142,0.6133983894863152,,
2026-06-01 01:47:00+00:00,0.3643,0.3665,0.364,0.366,41918.3,57.16364272726264,0.6250514388849502,,
2026-06-01 01:48:00+00:00,0.366,0.368,0.3656,0.3671,66746.5,61.017349765807836,0.6292973612244992,,
2026-06-01 01:49:00+00:00,0.367,0.3683,0.3669,0.3683,68025.4,64.85030523398795,0.5778225605332913,,
2026-06-01 01:50:00+00:00,0.3684,0.369,0.3667,0.3667,47476.0,56.60488902368536,0.5897181326302926,,
2026-06-01 01:51:00+00:00,0.3667,0.3676,0.3664,0.3673,21987.4,58.78817756987023,0.5363455251522521,,
2026-06-01 01:52:00+00:00,0.3675,0.3676,0.3661,0.3664,30076.7,54.239986941540344,0.5120081034681708,,
2026-06-01 01:53:00+00:00,0.3664,0.3665,0.3652,0.3663,39483.9,53.72682455549126,0.480698376436226,,
2026-06-01 01:54:00+00:00,0.3664,0.3667,0.3631,0.3636,88447.8,41.84890045173468,0.5854341370486046,,
2026-06-01 01:55:00+00:00,0.3637,0.3645,0.3621,0.3644,88752.1,45.79419036296318,0.5990424856879757,,
2026-06-01 01:56:00+00:00,0.3645,0.3655,0.3642,0.365,31674.6,48.69487487457803,0.5496790833637206,,
2026-06-01 01:57:00+00:00,0.3651,0.3664,0.3642,0.366,59130.3,53.320661475451395,0.5587603615907268,,
2026-06-01 01:58:00+00:00,0.366,0.367,0.3658,0.3661,44333.0,53.783658179992685,0.5124420482757838,,
2026-06-01 01:59:00+00:00,0.3662,0.3667,0.363,0.3631,190608.5,40.41993287763873,0.6171413580253712,,
2026-06-01 02:00:00+00:00,0.3631,0.3646,0.3631,0.3635,83743.0,42.535247490649134,0.5757007473981014,,
2026-06-01 02:01:00+00:00,0.3634,0.3644,0.3628,0.3636,36268.3,43.09643878786759,0.548442731967458,,
2026-06-01 02:02:00+00:00,0.3637,0.368,0.3637,0.3677,158044.3,60.61732155260897,0.6731874405077357,,
2026-06-01 02:03:00+00:00,0.3676,0.3678,0.3662,0.3667,34353.5,55.94878433604031,0.6272833856006418,,
2026-06-01 02:04:00+00:00,0.367,0.3687,0.3668,0.3681,92551.1,60.661656668204834,0.6085842271116663,,
2026-06-01 02:05:00+00:00,0.3681,0.3717,0.368,0.3709,171846.9,68.21778639797496,0.682706614181297,,
2026-06-01 02:06:00+00:00,0.371,0.3739,0.3707,0.3727,255945.4,72.0522308512521,0.7152474015558766,,
2026-06-01 02:07:00+00:00,0.3725,0.3746,0.3725,0.374,84034.1,74.51917921778859,0.6825084632296791,,
2026-06-01 02:08:00+00:00,0.3739,0.3762,0.3739,0.3753,144054.2,76.79506641523436,0.6666840719379679,,
2026-06-01 02:09:00+00:00,0.3754,0.376,0.3745,0.3757,82851.2,77.48265495856596,0.6126303586868659,,
2026-06-01 02:10:00+00:00,0.3758,0.377,0.3753,0.3761,99382.1,78.20037458716854,0.5799845270059134,,
2026-06-01 02:11:00+00:00,0.3761,0.3764,0.3753,0.3755,67518.8,74.25565683392708,0.5233175618789321,,
2026-06-01 02:12:00+00:00,0.3756,0.377,0.3736,0.3742,160021.8,66.21464421620786,0.6018294911502712,,
2026-06-01 02:13:00+00:00,0.3741,0.3746,0.3726,0.3727,75111.3,58.14264058617393,0.5907262583062657,,
2026-06-01 02:14:00+00:00,0.3726,0.3728,0.371,0.3713,194705.3,51.61711771876438,0.5713195291586227,,
2026-06-01 02:15:00+00:00,0.3711,0.3718,0.3705,0.3705,60273.2,48.18360030956683,0.5282179566566203,,
2026-06-01 02:16:00+00:00,0.3705,0.3715,0.3697,0.3711,48998.6,50.90505456885409,0.5189000332875848,,
2026-06-01 02:17:00+00:00,0.371,0.3728,0.3709,0.3726,36942.4,57.15569361915469,0.5154348950145423,,
2026-06-01 02:18:00+00:00,0.3725,0.3733,0.3719,0.3726,78512.5,57.15569361915469,0.48749552739112983,,
2026-06-01 02:19:00+00:00,0.3725,0.3725,0.369,0.3695,167636.2,43.14149554626439,0.5881262971711715,,
2026-06-01 02:20:00+00:00,0.3698,0.3722,0.3698,0.3722,21411.3,54.04570977923973,0.6121712344003166,,
2026-06-01 02:21:00+00:00,0.3721,0.3729,0.3715,0.3718,50649.7,52.39178462274978,0.5655731757800928,,
2026-06-01 02:22:00+00:00,0.3717,0.3727,0.3715,0.3726,19082.6,55.423236299116,0.5158993167043221,,
2026-06-01 02:23:00+00:00,0.3726,0.3726,0.3715,0.372,26164.1,52.630530119211414,0.4725249148473767,,
2026-06-01 02:24:00+00:00,0.372,0.374,0.372,0.3733,72560.2,57.755098142820216,0.48385591925684257,,
2026-06-01 02:25:00+00:00,0.3733,0.3742,0.3725,0.3739,51225.1,59.97558942006106,0.477396982420067,,
2026-06-01 02:26:00+00:00,0.374,0.375,0.3735,0.3741,43289.0,60.739887108130844,0.46190586843488496,,
2026-06-01 02:27:00+00:00,0.3741,0.3758,0.3738,0.3746,62599.8,62.71749499301694,0.4758120349844966,,
2026-06-01 02:28:00+00:00,0.3748,0.3758,0.3738,0.3743,34628.8,60.67978935831461,0.48782086733677243,,
2026-06-01 02:29:00+00:00,0.3741,0.375,0.3736,0.3747,29665.4,62.485499899624585,0.4645665346018773,,
2026-06-01 02:30:00+00:00,0.3745,0.3749,0.3731,0.3732,24611.7,52.449465859764175,0.4696100332590012,,
2026-06-01 02:31:00+00:00,0.373,0.3741,0.3729,0.3732,34368.8,52.44946585976417,0.4399967082792255,,
2026-06-01 02:32:00+00:00,0.373,0.3745,0.3728,0.3744,49821.2,58.959722818506336,0.4416811357474496,,
2026-06-01 02:33:00+00:00,0.3745,0.3754,0.3737,0.3749,37819.1,61.40601646166988,0.4435645072794794,,
2026-06-01 02:34:00+00:00,0.3748,0.3774,0.3743,0.3771,124801.1,70.11491085461235,0.517194025519123,,
2026-06-01 02:35:00+00:00,0.377,0.3771,0.3761,0.3762,47771.0,63.59224823713502,0.46790827649816336,,
2026-06-01 02:36:00+00:00,0.3763,0.3772,0.376,0.3772,31312.5,67.34290296964446,0.4369609620755218,,
2026-06-01 02:37:00+00:00,0.3772,0.378,0.3766,0.3768,26752.5,64.39454776005276,0.42424984054116166,,
2026-06-01 02:38:00+00:00,0.3768,0.3768,0.3749,0.3749,32536.6,52.307888911199555,0.4424803199059163,,
2026-06-01 02:39:00+00:00,0.3749,0.376,0.3739,0.3759,84147.2,57.02500819689236,0.46477440155940997,,
2026-06-01 02:40:00+00:00,0.3759,0.3766,0.3755,0.3766,24027.2,60.094842086414936,0.42954582590798085,,
2026-06-01 02:41:00+00:00,0.3767,0.3791,0.3766,0.3791,64049.3,68.90824729184682,0.4732618476115971,,
2026-06-01 02:42:00+00:00,0.3792,0.3869,0.3788,0.3848,474138.9,80.06311370217827,0.7939990986061463,,
2026-06-01 02:43:00+00:00,0.3847,0.3853,0.3837,0.3841,161225.6,76.32652469212789,0.7196685303694764,,
2026-06-01 02:44:00+00:00,0.384,0.384,0.3821,0.3825,52024.5,68.23834527872292,0.682718290227275,,
2026-06-01 02:45:00+00:00,0.3824,0.3831,0.3807,0.3817,112861.9,64.44442553690874,0.6730725617226787,,
2026-06-01 02:46:00+00:00,0.3816,0.3831,0.3812,0.3821,55649.3,65.5097537828199,0.6373447721738744,,
2026-06-01 02:47:00+00:00,0.382,0.382,0.3799,0.3801,46507.2,56.16128885636636,0.6283176794478019,,
2026-06-01 02:48:00+00:00,0.3801,0.3824,0.3799,0.3824,34619.5,62.92217888160984,0.6303839957282626,,
2026-06-01 02:49:00+00:00,0.3822,0.3828,0.3807,0.3827,24158.0,63.73278743350579,0.6136584059921348,,
2026-06-01 02:50:00+00:00,0.3828,0.3848,0.3825,0.3836,82532.0,66.19622163760513,0.609691495251698,,
2026-06-01 02:51:00+00:00,0.3836,0.3841,0.3829,0.3829,24029.4,62.52593481813521,0.5513244347423364,,
2026-06-01 02:52:00+00:00,0.3827,0.386,0.3823,0.3854,53433.2,69.28410898484141,0.6302068003380208,,
2026-06-01 02:53:00+00:00,0.3855,0.3858,0.3841,0.385,81929.2,67.13180135102962,0.5930009368317355,,
2026-06-01 02:54:00+00:00,0.3849,0.3849,0.3828,0.3829,34248.5,56.832971814605806,0.5919150915230484,,
2026-06-01 02:55:00+00:00,0.3827,0.3827,0.3802,0.3809,109177.6,48.895272690014316,0.6177879517861405,,
2026-06-01 02:56:00+00:00,0.381,0.3825,0.381,0.3824,47589.2,54.22320176155759,0.5759737046764449,,
2026-06-01 02:57:00+00:00,0.3823,0.3823,0.3807,0.3815,83718.7,50.699419332903325,0.5509878787277032,,
2026-06-01 02:58:00+00:00,0.3815,0.3815,0.3787,0.3795,124575.2,43.689041561181256,0.5906758908766679,,
2026-06-01 02:59:00+00:00,0.3797,0.38,0.378,0.3791,92256.6,42.38661088818948,0.5785523620948468,,
2026-06-01 03:00:00+00:00,0.3792,0.3804,0.3784,0.3804,57516.5,47.986029735479114,0.5664126192852922,,
2026-06-01 03:01:00+00:00,0.3803,0.3812,0.3803,0.3809,51744.2,50.060227828845285,0.4997917781593575,,
2026-06-01 03:02:00+00:00,0.3811,0.3833,0.3809,0.3825,86429.3,56.26175996067714,0.5236511127861923,,
2026-06-01 03:03:00+00:00,0.3825,0.3844,0.3825,0.3844,20675.8,62.41931426670667,0.5157056204801642,,
2026-06-01 03:04:00+00:00,0.3843,0.3868,0.3843,0.3859,143344.0,66.5501359897286,0.5405280964240998,,
2026-06-01 03:05:00+00:00,0.3858,0.3859,0.3847,0.3852,33371.1,62.961643205575946,0.495513587559836,,
2026-06-01 03:06:00+00:00,0.3853,0.3869,0.3853,0.3862,66825.4,65.88181560991954,0.4834217170959082,,
2026-06-01 03:07:00+00:00,0.3864,0.3879,0.3858,0.3861,84244.5,65.30968933911912,0.49561764753678506,,
2026-06-01 03:08:00+00:00,0.3861,0.3893,0.3857,0.3882,159383.1,71.15462019389135,0.5798206568036116,,
2026-06-01 03:09:00+00:00,0.3882,0.3889,0.382,0.3832,352848.5,49.21682482641095,0.8300341940942849,,
2026-06-01 03:10:00+00:00,0.3833,0.3835,0.3771,0.3804,296498.4,41.294883230634696,1.0054029509504319,,
2026-06-01 03:11:00+00:00,0.3802,0.3817,0.3798,0.3813,50493.7,44.486137842386434,0.902082942652071,,
2026-06-01 03:12:00+00:00,0.3813,0.3816,0.3805,0.3808,29613.4,43.04182535662451,0.7803870294815848,,
2026-06-01 03:13:00+00:00,0.3807,0.3824,0.3799,0.382,54092.0,47.58020202211247,0.7532384938776704,,
2026-06-01 03:14:00+00:00,0.382,0.3832,0.3816,0.3817,62239.3,46.54990887980308,0.6868998787765676,,
2026-06-01 03:15:00+00:00,0.3815,0.3836,0.381,0.3824,69456.2,49.39107059275511,0.6844972462950117,,
2026-06-01 03:16:00+00:00,0.3823,0.3854,0.3815,0.3852,183626.6,59.06242140075236,0.7461095472133186,,
2026-06-01 03:17:00+00:00,0.3852,0.3866,0.3852,0.3862,72646.6,61.94802486047296,0.6678433922041858,,
2026-06-01 03:18:00+00:00,0.3862,0.3866,0.3848,0.3856,120927.9,59.16762427416637,0.628467049936218,,
2026-06-01 03:19:00+00:00,0.3856,0.389,0.3849,0.3884,93507.7,66.8763467188785,0.7102716672613913,,
2026-06-01 03:20:00+00:00,0.3885,0.3889,0.3877,0.3889,41502.0,68.07230170686599,0.6291993120376966,,
2026-06-01 03:21:00+00:00,0.389,0.3913,0.3889,0.3907,111355.0,72.10149033612232,0.6238968261099753,,
2026-06-01 03:22:00+00:00,0.3908,0.3917,0.39,0.3901,125762.5,68.88196567074478,0.5870422762597628,,
2026-06-01 03:23:00+00:00,0.3902,0.3914,0.3894,0.3904,100765.9,69.63522594451926,0.5717319507560112,,
2026-06-01 03:24:00+00:00,0.3903,0.3906,0.3891,0.3903,48782.6,69.01646646657757,0.5343666996159813,,
2026-06-01 03:25:00+00:00,0.3903,0.3905,0.3894,0.3898,25311.9,65.7697343441235,0.48448090889711076,,
2026-06-01 03:26:00+00:00,0.3897,0.3898,0.3883,0.3898,73392.9,65.76973434412352,0.46454727201250656,,
2026-06-01 03:27:00+00:00,0.3898,0.3921,0.3895,0.3914,61399.0,71.13436485089424,0.5029750161072556,,
2026-06-01 03:28:00+00:00,0.3914,0.3932,0.3914,0.3931,39567.1,75.64120167661835,0.4922196312477824,,
2026-06-01 03:29:00+00:00,0.3931,0.3938,0.3918,0.3928,78760.0,73.39430600065573,0.4959094440804548,,
2026-06-01 03:30:00+00:00,0.3928,0.3939,0.3928,0.3936,36577.2,75.54654702091115,0.4518155073878097,,
2026-06-01 03:31:00+00:00,0.3935,0.3952,0.3928,0.3948,129703.0,78.45175346021908,0.48193431349106836,,
2026-06-01 03:32:00+00:00,0.3946,0.3969,0.3946,0.3962,166498.9,81.32745953408714,0.5002880706032771,,
2026-06-01 03:33:00+00:00,0.3962,0.3973,0.3953,0.3953,67550.2,74.24964906895943,0.5023306523106874,,
2026-06-01 03:34:00+00:00,0.3952,0.396,0.3945,0.396,97635.8,76.05086035620164,0.47691173102710055,,
2026-06-01 03:35:00+00:00,0.3959,0.3971,0.3939,0.396,101289.4,76.05086035620164,0.5431455464378439,,
2026-06-01 03:36:00+00:00,0.396,0.3969,0.3936,0.3936,193511.2,58.677578248183174,0.6048488544499704,,
2026-06-01 03:37:00+00:00,0.3937,0.3938,0.3904,0.3906,102077.9,44.54443653843531,0.6616866546062617,,
2026-06-01 03:38:00+00:00,0.3907,0.392,0.3893,0.3916,187353.0,49.0863321952119,0.6658933754631394,,
2026-06-01 03:39:00+00:00,0.3919,0.3923,0.391,0.3915,75951.1,48.64366654441989,0.5992620093616646,,
2026-06-01 03:40:00+00:00,0.3915,0.3929,0.3907,0.3926,29085.0,53.742254118173385,0.5901397384922925,,
2026-06-01 03:41:00+00:00,0.3926,0.393,0.3885,0.3894,112565.8,40.68606697449067,0.7071163047397517,,
2026-06-01 03:42:00+00:00,0.3897,0.3904,0.3873,0.3878,102001.0,35.84779349984172,0.727903226540816,,
2026-06-01 03:43:00+00:00,0.3879,0.388,0.3857,0.3857,161046.0,30.549816055002964,0.7047567980348023,,
2026-06-01 03:44:00+00:00,0.3859,0.3874,0.3854,0.3871,31304.0,37.40264498264339,0.6650988313139204,,
2026-06-01 03:45:00+00:00,0.387,0.3874,0.3861,0.3873,29806.5,38.3679456022617,0.5989357244546742,,
2026-06-01 03:46:00+00:00,0.3871,0.3871,0.3857,0.386,55358.7,34.52303363578786,0.5636638468006115,,
2026-06-01 03:47:00+00:00,0.386,0.3875,0.3859,0.3873,89835.1,41.08319514704923,0.5320407846424702,,
2026-06-01 03:48:00+00:00,0.3874,0.3887,0.3873,0.3879,103394.3,43.96238948187598,0.49715781570926315,,
2026-06-01 03:49:00+00:00,0.3878,0.389,0.3873,0.3889,42002.1,48.612816644595995,0.4841296306785786,,
2026-06-01 03:50:00+00:00,0.389,0.3919,0.3889,0.3905,154939.9,55.219449060120375,0.5393659684935197,,
2026-06-01 03:51:00+00:00,0.3905,0.3917,0.3901,0.3913,116747.7,58.20469633171088,0.5123892884164972,,
2026-06-01 03:52:00+00:00,0.3912,0.3917,0.3901,0.3902,38614.4,52.824631124513544,0.4930762246178885,,
2026-06-01 03:53:00+00:00,0.39,0.3901,0.3887,0.3888,63833.3,46.717938964075586,0.4730418577076134,,
2026-06-01 03:54:00+00:00,0.3887,0.3887,0.3861,0.3863,117583.9,38.00148915547636,0.5206703065528752,,
2026-06-01 03:55:00+00:00,0.3863,0.3874,0.3856,0.3874,106696.3,43.18396239519565,0.5082807215722793,,
2026-06-01 03:56:00+00:00,0.3875,0.3902,0.3875,0.3896,39363.5,52.08455325500704,0.54806560890575,,
2026-06-01 03:57:00+00:00,0.3897,0.3906,0.3893,0.3904,34865.4,54.93684711192003,0.5041523795690179,,
2026-06-01 03:58:00+00:00,0.3903,0.3936,0.3902,0.3936,160055.2,64.36476572958236,0.572807091430376,,
2026-06-01 03:59:00+00:00,0.3933,0.3938,0.3916,0.3925,103098.9,59.60203999856748,0.571631839362029,,
2026-06-01 04:00:00+00:00,0.3925,0.3958,0.3923,0.395,106510.0,65.96226952864858,0.6316263229358915,,
2026-06-01 04:01:00+00:00,0.3952,0.3958,0.3942,0.3954,50911.5,66.88902009677055,0.5857205818101708,,
2026-06-01 04:02:00+00:00,0.3953,0.3978,0.3951,0.3977,125551.0,71.79526886748106,0.6016473081171558,,
2026-06-01 04:03:00+00:00,0.3978,0.3991,0.3965,0.3971,265641.2,68.83867978303083,0.6129944788480335,,
2026-06-01 04:04:00+00:00,0.3972,0.3983,0.3961,0.3969,92146.3,67.80451441785765,0.6015018544732752,,
2026-06-01 04:05:00+00:00,0.3968,0.3971,0.3941,0.395,104452.3,58.523990705009055,0.6354148578034288,,
2026-06-01 04:06:00+00:00,0.3951,0.3952,0.3912,0.3913,105084.2,45.15199015715066,0.7175852161152149,,
2026-06-01 04:07:00+00:00,0.3913,0.3947,0.3912,0.3938,76986.4,53.18286821690972,0.7481789640749287,,
2026-06-01 04:08:00+00:00,0.3937,0.3943,0.393,0.3935,52090.0,52.164474454234444,0.6650731914667468,,
2026-06-01 04:09:00+00:00,0.3934,0.3939,0.3929,0.3938,29969.1,53.16104638327004,0.5824404283233389,,
2026-06-01 04:10:00+00:00,0.3939,0.3942,0.3925,0.3926,45145.4,48.65587924936081,0.5539786870580343,,
2026-06-01 04:11:00+00:00,0.3925,0.3927,0.389,0.3891,175349.5,38.17229202409159,0.6373519044749089,,
2026-06-01 04:12:00+00:00,0.3891,0.3922,0.389,0.3903,82724.6,42.86224464535346,0.67229029163451,,
2026-06-01 04:13:00+00:00,0.3904,0.391,0.388,0.3909,194851.5,45.17276167647161,0.6904986458428228,,
2026-06-01 04:14:00+00:00,0.3909,0.3919,0.3905,0.3914,79895.9,47.15152873788632,0.623231314583464,,
2026-06-01 04:15:00+00:00,0.3913,0.3931,0.3908,0.3922,92381.9,50.337930877065794,0.614855148450726,,
2026-06-01 04:16:00+00:00,0.3922,0.393,0.3915,0.3928,48225.7,52.71379380755013,0.567507513691191,,
2026-06-01 04:17:00+00:00,0.3929,0.3933,0.3901,0.3909,211820.4,45.11900163921431,0.6199374804357111,,
2026-06-01 04:18:00+00:00,0.3907,0.3914,0.3882,0.3898,143746.0,41.29203656784632,0.6615362977985026,,
2026-06-01 04:19:00+00:00,0.3897,0.3902,0.388,0.3897,73040.7,40.941267645962206,0.6422722070964451,,
2026-06-01 04:20:00+00:00,0.3899,0.3915,0.3894,0.3915,117749.8,49.51799147740705,0.6187350786318965,,
2026-06-01 04:21:00+00:00,0.3916,0.3927,0.3903,0.3925,65880.1,53.67110877436742,0.6160199404522554,,
2026-06-01 04:22:00+00:00,0.3924,0.3924,0.3901,0.3905,69784.6,45.37552876340296,0.6182593119129539,,
2026-06-01 04:23:00+00:00,0.3907,0.391,0.388,0.3894,85600.6,41.459462461080854,0.6500878506461398,,
2026-06-01 04:24:00+00:00,0.3896,0.3899,0.389,0.3899,16971.7,43.90453042179524,0.5655690362484885,,
2026-06-01 04:25:00+00:00,0.39,0.3913,0.3882,0.3894,115795.3,41.95737752539897,0.6122555053585731,,
2026-06-01 04:26:00+00:00,0.3894,0.3903,0.3893,0.3896,60963.0,43.07933948266617,0.5408876669129947,,
2026-06-01 04:27:00+00:00,0.3899,0.3903,0.3882,0.3886,56026.1,38.90173282436608,0.5419039321241431,,
2026-06-01 04:28:00+00:00,0.3887,0.3895,0.3852,0.3873,357409.7,34.122094496604326,0.6570283873450921,,
2026-06-01 04:29:00+00:00,0.3875,0.3882,0.3867,0.3874,61468.3,34.806704376558336,0.6029263694760023,,
2026-06-01 04:30:00+00:00,0.3877,0.3889,0.3875,0.3889,20730.3,44.43129762292209,0.5576213433479112,,
2026-06-01 04:31:00+00:00,0.389,0.3892,0.3883,0.3889,30915.1,44.431297622922095,0.4923814665528475,,
2026-06-01 04:32:00+00:00,0.3888,0.3922,0.3886,0.3922,57394.0,60.33568823772006,0.5741706320089796,,
2026-06-01 04:33:00+00:00,0.392,0.3943,0.3916,0.3941,85904.9,66.47419984833127,0.5941430537912636,,
2026-06-01 04:34:00+00:00,0.3942,0.3974,0.3941,0.3951,189205.0,69.25659621401518,0.6411577372799518,,
2026-06-01 04:35:00+00:00,0.3952,0.3968,0.3948,0.396,68622.7,71.61254729855877,0.6127705494935536,,
2026-06-01 04:36:00+00:00,0.396,0.3984,0.396,0.3976,124731.3,75.3447012720424,0.6089680837010989,,
2026-06-01 04:37:00+00:00,0.3977,0.3979,0.3962,0.397,68535.8,71.43167536232208,0.5735530681703906,,
2026-06-01 04:38:00+00:00,0.397,0.398,0.3958,0.3972,120847.3,71.97082164009736,0.5693868440355409,,
2026-06-01 04:39:00+00:00,0.3972,0.3973,0.3942,0.3942,55380.7,54.7499745612797,0.6162566300373752,,
2026-06-01 04:40:00+00:00,0.3943,0.3964,0.3943,0.3956,78005.8,59.7444316244035,0.6024840516900561,,
2026-06-01 04:41:00+00:00,0.3955,0.3975,0.3951,0.3973,76696.0,64.96219859383156,0.600740379257159,,
2026-06-01 04:42:00+00:00,0.3972,0.398,0.3942,0.3945,45688.4,52.5071885566145,0.6766522741269858,,
2026-06-01 04:43:00+00:00,0.3946,0.395,0.3926,0.3934,66709.9,48.4522053445808,0.6648486469610496,,
2026-06-01 04:44:00+00:00,0.3932,0.3941,0.3913,0.3919,128705.3,43.37666255112536,0.676808283163006,,
2026-06-01 04:45:00+00:00,0.392,0.392,0.3885,0.3885,69942.5,34.32176226782826,0.7263653357458577,,
2026-06-01 04:46:00+00:00,0.3886,0.3889,0.3875,0.3881,48278.2,33.410079773814836,0.653837532465377,,
2026-06-01 04:47:00+00:00,0.3881,0.3892,0.3871,0.3882,56162.3,33.897818598798516,0.6311269373514944,,
2026-06-01 04:48:00+00:00,0.3882,0.389,0.3871,0.3872,61491.1,31.34671356820006,0.6043460270244844,,
2026-06-01 04:49:00+00:00,0.3871,0.3873,0.3851,0.3862,175798.5,28.927753050891614,0.5986593095057064,,
2026-06-01 04:50:00+00:00,0.386,0.3883,0.3859,0.3879,75343.2,37.969429311153334,0.6005717459780413,,
2026-06-01 04:51:00+00:00,0.3876,0.3886,0.3872,0.3885,25631.1,40.917045487346044,0.5517874497088958,,
2026-06-01 04:52:00+00:00,0.3885,0.39,0.3877,0.3894,155575.1,45.25290297897543,0.5585401627363259,,
2026-06-01 04:53:00+00:00,0.3893,0.3899,0.3888,0.3892,31423.9,44.44751479261557,0.5035879534830965,,
2026-06-01 04:54:00+00:00,0.3892,0.3896,0.3871,0.3871,47901.3,36.80534776000885,0.5342215065783957,,
2026-06-01 04:55:00+00:00,0.387,0.3876,0.3854,0.3866,131815.6,35.20405784432156,0.5417426698323776,,
2026-06-01 04:56:00+00:00,0.3865,0.3929,0.3863,0.3905,221395.2,52.94619358868443,0.7670939127420198,,
2026-06-01 04:57:00+00:00,0.3904,0.3914,0.3902,0.3914,27488.8,56.03307253397622,0.6735823667363507,,
2026-06-01 04:58:00+00:00,0.3915,0.3915,0.3905,0.3905,53833.0,52.22618023011051,0.5913242270742283,,
2026-06-01 04:59:00+00:00,0.3904,0.393,0.3903,0.3908,100278.2,53.39880599856267,0.6108743309569847,,
2026-06-01 05:00:00+00:00,0.3909,0.3922,0.3905,0.3922,68891.4,58.66021380091647,0.5736454636165,0.32214799999999993,
2026-06-01 05:01:00+00:00,0.3921,0.3934,0.3871,0.3898,274570.9,48.27790321456235,0.7849846091952631,0.32214799999999993,
2026-06-01 05:02:00+00:00,0.3897,0.3898,0.3873,0.388,119401.0,42.07253185408803,0.7597670116789972,0.32214799999999993,
2026-06-01 05:03:00+00:00,0.3881,0.3906,0.3881,0.39,59716.7,50.00582913175924,0.738029949808104,0.32214799999999993,
2026-06-01 05:04:00+00:00,0.3901,0.3902,0.389,0.3902,72058.0,50.755183418781115,0.6516282530500462,0.32214799999999993,
2026-06-01 05:05:00+00:00,0.3903,0.3911,0.3894,0.3896,72858.9,48.33998358609921,0.6093744236963604,0.32214799999999993,
2026-06-01 05:06:00+00:00,0.3897,0.3903,0.389,0.3897,30386.1,48.791239773879,0.5540924310435745,0.32214799999999993,
2026-06-01 05:07:00+00:00,0.3897,0.3902,0.3894,0.3896,13170.2,48.32223941650468,0.4844554833217251,0.32214799999999993,
2026-06-01 05:08:00+00:00,0.3897,0.3906,0.3893,0.3893,44422.2,46.82200182662566,0.4546495891130638,0.32214799999999993,
2026-06-01 05:09:00+00:00,0.3894,0.3903,0.3892,0.3901,26218.8,51.30174024046526,0.4193695668632976,0.32214799999999993,
2026-06-01 05:10:00+00:00,0.3901,0.3906,0.3884,0.3885,30465.4,43.21234600479074,0.45013347342779286,0.32214799999999993,
2026-06-01 05:11:00+00:00,0.3885,0.389,0.3875,0.3885,74818.6,43.21234600479073,0.43732685596231147,0.32214799999999993,
2026-06-01 05:12:00+00:00,0.3885,0.3895,0.3883,0.3894,30398.0,48.81698072649871,0.4106861500592889,0.32214799999999993,
2026-06-01 05:13:00+00:00,0.3893,0.3905,0.3887,0.3897,38831.3,50.62192491347619,0.4206747484384659,0.32214799999999993,
2026-06-01 05:14:00+00:00,0.3899,0.3907,0.3894,0.3905,25805.0,55.2932218215661,0.40243165063553266,0.32214799999999993,
2026-06-01 05:15:00+00:00,0.3906,0.3922,0.3906,0.3916,67414.8,60.938807499508044,0.4078642687909601,0.3226021661129567,
2026-06-01 05:16:00+00:00,0.3917,0.3921,0.3896,0.3897,43356.5,49.050996968532516,0.4561860870588454,0.3226021661129567,
2026-06-01 05:17:00+00:00,0.3897,0.3899,0.3871,0.3889,60404.5,44.94877063623833,0.5096954859898845,0.3226021661129567,
2026-06-01 05:18:00+00:00,0.389,0.391,0.3888,0.39,30411.8,51.185804525186654,0.5194268194901887,0.3226021661129567,
2026-06-01 05:19:00+00:00,0.3899,0.39,0.3893,0.3898,29886.2,50.04048312090884,0.4516705173959455,0.3226021661129567,
2026-06-01 05:20:00+00:00,0.3899,0.3926,0.3897,0.3926,36258.9,62.93989731198318,0.506492445605583,0.3226021661129567,
2026-06-01 05:21:00+00:00,0.3927,0.3934,0.3918,0.3933,41839.4,65.42002442056398,0.4858356148380434,0.3226021661129567,
2026-06-01 05:22:00+00:00,0.3934,0.3942,0.3918,0.3927,78691.6,61.500302362601424,0.5114930426601533,0.3226021661129567,
2026-06-01 05:23:00+00:00,0.3926,0.3932,0.3917,0.3917,42860.1,55.357999857761605,0.48682832341617005,0.3226021661129567,
2026-06-01 05:24:00+00:00,0.3916,0.3917,0.3895,0.3895,27249.2,44.49508928320155,0.5046277879992057,0.3226021661129567,
2026-06-01 05:25:00+00:00,0.3894,0.3895,0.3857,0.3869,155870.9,35.378817157604416,0.6028483296473326,0.3226021661129567,
2026-06-01 05:26:00+00:00,0.387,0.3884,0.387,0.3882,25366.2,41.98257504128299,0.5579433668017579,0.3226021661129567,
2026-06-01 05:27:00+00:00,0.3883,0.3892,0.3871,0.389,43351.7,45.77176056257489,0.5534058920153053,0.3226021661129567,
2026-06-01 05:28:00+00:00,0.3889,0.3893,0.3879,0.3881,48976.7,42.317041544168646,0.5158977418066533,0.3226021661129567,
2026-06-01 05:29:00+00:00,0.3882,0.3896,0.3882,0.3896,48092.3,49.39080857089505,0.4881312394151175,0.3226021661129567,
2026-06-01 05:30:00+00:00,0.3897,0.3911,0.3897,0.3899,37523.4,50.73339829464463,0.4671473318822873,0.32304733444443207,
2026-06-01 05:31:00+00:00,0.3899,0.3929,0.3899,0.3916,56489.2,57.78469526717649,0.5253130637403552,0.32304733444443207,
2026-06-01 05:32:00+00:00,0.3915,0.3931,0.3912,0.3927,129160.8,61.723380118789805,0.5158392579795742,0.32304733444443207,
2026-06-01 05:33:00+00:00,0.3928,0.3929,0.3916,0.3919,33745.5,57.396067842294215,0.4798572627886284,0.32304733444443207,
2026-06-01 05:34:00+00:00,0.3918,0.3924,0.391,0.3919,39912.7,57.39606784229423,0.4553326078833657,0.32304733444443207,
2026-06-01 05:35:00+00:00,0.3918,0.3922,0.3911,0.3915,24401.0,55.01519512276708,0.4208323862671588,0.32304733444443207,
2026-06-01 05:36:00+00:00,0.3916,0.3916,0.3893,0.3893,30273.0,43.88934269221959,0.4567292663212808,0.32304733444443207,
2026-06-01 05:37:00+00:00,0.3893,0.3894,0.3882,0.389,99235.0,42.584499717452815,0.4273618578485871,0.32304733444443207,
2026-06-01 05:38:00+00:00,0.3889,0.3892,0.3877,0.3888,37923.8,41.666893124764734,0.4192258491833342,0.32304733444443207,
2026-06-01 05:39:00+00:00,0.3887,0.3907,0.3886,0.3906,27857.5,52.008133173896134,0.44136202798255003,0.32304733444443207,
2026-06-01 05:40:00+00:00,0.3907,0.3928,0.3907,0.3917,99001.5,57.16444931330075,0.46442891627262406,0.32304733444443207,
2026-06-01 05:41:00+00:00,0.3918,0.3934,0.3915,0.3934,78501.7,63.83645770027834,0.4665313807910262,0.32304733444443207,
2026-06-01 05:42:00+00:00,0.3935,0.3945,0.3931,0.3934,43468.2,63.836457700278345,0.4443994818570209,0.32304733444443207,
2026-06-01 05:43:00+00:00,0.3935,0.3964,0.3934,0.3956,98699.3,71.04256945452624,0.5052108314712856,0.32304733444443207,
2026-06-01 05:44:00+00:00,0.3955,0.3974,0.3953,0.3969,58559.4,74.39276992010721,0.5086649633258561,0.32304733444443207,
2026-06-01 05:45:00+00:00,0.3968,0.3968,0.3951,0.3957,39379.0,66.50165108585435,0.4991440463867202,0.32353804983018336,
2026-06-01 05:46:00+00:00,0.3958,0.396,0.3949,0.396,17165.1,67.46042718791584,0.45456828112166936,0.32353804983018336,
2026-06-01 05:47:00+00:00,0.3961,0.4044,0.396,0.4016,799525.1,79.58151463954178,0.7769104369007571,0.32353804983018336,
2026-06-01 05:48:00+00:00,0.4016,0.4039,0.4013,0.4038,291398.1,82.43722987680522,0.7469187349367883,0.32353804983018336,
2026-06-01 05:49:00+00:00,0.4037,0.4055,0.4017,0.4043,132656.9,83.03635211370909,0.7847752365421237,0.32353804983018336,
2026-06-01 05:50:00+00:00,0.4042,0.4047,0.4028,0.4041,75545.6,81.79620541663458,0.7221670440662823,0.32353804983018336,3.4398659494764323
2026-06-01 05:51:00+00:00,0.4042,0.4042,0.4026,0.4041,203367.2,81.79620541663458,0.6569219549758663,0.32353804983018336,3.4398659494764323
2026-06-01 05:52:00+00:00,0.4042,0.405,0.4035,0.4041,111214.1,81.79620541663458,0.5997766137208564,0.32353804983018336,3.4398659494764323
2026-06-01 05:53:00+00:00,0.4041,0.4041,0.4021,0.4026,111787.1,70.90196824990359,0.5809631984194698,0.32353804983018336,3.452682141538565
2026-06-01 05:54:00+00:00,0.4026,0.4029,0.399,0.3992,192182.3,53.09277512551307,0.6641198069813176,0.32353804983018336,3.482088752964495
2026-06-01 05:55:00+00:00,0.3993,0.3998,0.3981,0.3988,143827.0,51.40494243563596,0.6170845074161313,0.32353804983018336,3.4855813194168164
2026-06-01 05:56:00+00:00,0.3989,0.3996,0.3984,0.3989,63082.6,51.83031092031882,0.5537093037002839,0.32353804983018336,3.484707521141706
2026-06-01 05:57:00+00:00,0.399,0.3997,0.396,0.396,107820.7,40.42762983020994,0.6330800833253388,0.32353804983018336,3.510226843897541
2026-06-01 05:58:00+00:00,0.3959,0.3963,0.3944,0.3952,109133.8,37.87369218948675,0.6036431437182884,0.32353804983018336,3.5173325662536095
2026-06-01 05:59:00+00:00,0.3952,0.3966,0.3952,0.3966,49401.0,44.670211536558654,0.5518099251587855,0.32353804983018336,3.5049163645573027
2026-06-01 06:00:00+00:00,0.3967,0.3968,0.395,0.3965,44747.8,44.285704733254335,0.5323537277537929,0.32402351129310575,4.730167195727146
2026-06-01 06:01:00+00:00,0.3965,0.3967,0.3936,0.3953,112148.4,39.726349647876916,0.584018726140913,0.32402351129310575,4.744526418178127
2026-06-01 06:02:00+00:00,0.3954,0.3964,0.3953,0.3961,62196.3,43.99721347644202,0.5218128804716035,0.32402351129310575,4.734943936141918
2026-06-01 06:03:00+00:00,0.3962,0.3971,0.3947,0.3955,62065.5,41.54410692909569,0.5394489647631907,0.32402351129310575,4.742127163352247
2026-06-01 06:04:00+00:00,0.3955,0.3955,0.3919,0.3921,90105.3,30.749359762270956,0.6189279583041912,0.32402351129310575,4.783247368288227
2026-06-01 06:05:00+00:00,0.3921,0.3928,0.3911,0.3914,58292.3,29.024160259477437,0.5828955594298884,0.32402351129310575,3.6314388864308254
2026-06-01 06:06:00+00:00,0.3915,0.3917,0.3888,0.3889,136027.3,23.738930668065365,0.6184527065278657,0.32402351129310575,3.654783183720815
2026-06-01 06:07:00+00:00,0.389,0.3906,0.3884,0.3897,201358.2,28.376267208680073,0.6066538518217838,0.32402351129310575,3.647280421218951
2026-06-01 06:08:00+00:00,0.3898,0.39,0.3876,0.388,83454.4,24.813623891033533,0.6111608372266999,0.32402351129310575,3.6632607735799616
2026-06-01 06:09:00+00:00,0.3879,0.3881,0.3825,0.3858,477456.8,21.019061855503676,0.7820226124291538,0.32402351129310575,3.6841502855081005
2026-06-01 06:10:00+00:00,0.3858,0.3873,0.3858,0.3872,89061.9,28.725736839909544,0.7008353799073711,0.32402351129310575,3.670829494186532
2026-06-01 06:11:00+00:00,0.3873,0.3886,0.387,0.3879,43318.8,32.39077265819272,0.6421520167056124,0.32402351129310575,3.664205156352217
2026-06-01 06:12:00+00:00,0.388,0.3895,0.3878,0.3892,102367.8,38.87647053120135,0.5993643726209824,0.32402351129310575,3.6519660332708765
2026-06-01 06:13:00+00:00,0.3892,0.3893,0.3855,0.3861,103370.5,30.997734829798624,0.6801815360250414,0.32402351129310575,3.681287697873673
2026-06-01 06:14:00+00:00,0.3859,0.3881,0.3849,0.3873,112404.7,36.5301435940933,0.7077058426217775,0.32402351129310575,3.669881694162213
2026-06-01 06:15:00+00:00,0.3874,0.3877,0.3846,0.3852,75348.9,31.603200771314444,0.7302065895065715,0.32444395307853363,4.7813784153086925
2026-06-01 06:16:00+00:00,0.3853,0.3859,0.3838,0.3842,81594.8,29.498165637728597,0.6950038069295836,0.32444395307853363,4.793823439814961
2026-06-01 06:17:00+00:00,0.3843,0.3857,0.3825,0.3852,118595.4,34.35639685558221,0.7207070874815068,0.32444395307853363,4.7813784153086925
2026-06-01 06:18:00+00:00,0.3853,0.3863,0.3847,0.386,113743.0,38.14517210678613,0.658272269632904,0.32444395307853363,4.771468822738104
2026-06-01 06:19:00+00:00,0.3861,0.3861,0.3833,0.3835,89223.9,31.776852845317222,0.6760742551828977,0.32444395307853363,4.8025735738641675
2026-06-01 06:20:00+00:00,0.3834,0.3837,0.3822,0.3832,97222.9,31.084904737095272,0.6195709329073932,0.32444395307853363,3.64462065266588
2026-06-01 06:21:00+00:00,0.3833,0.385,0.3833,0.3838,69799.4,34.26574510413694,0.5886807326526601,0.32444395307853363,3.6389229653506128
2026-06-01 06:22:00+00:00,0.3839,0.3845,0.3836,0.3843,67769.7,36.959888638153274,0.5171702632153864,0.32444395307853363,3.63418848322031
2026-06-01 06:23:00+00:00,0.3844,0.3844,0.3811,0.3816,245609.3,29.66492016467856,0.5896195642634666,0.32444395307853363,3.6599020809789446
2026-06-01 06:24:00+00:00,0.3817,0.3829,0.3816,0.3822,106170.8,32.93338724169102,0.538982366767011,0.32444395307853363,3.6541565518094328
2026-06-01 06:25:00+00:00,0.3821,0.3825,0.3808,0.3813,180606.2,30.566049653296524,0.5213722750135873,0.32444395307853363,3.662781626282626
2026-06-01 06:26:00+00:00,0.3813,0.3815,0.3778,0.3785,250064.9,24.482550358591514,0.615691938626537,0.32444395307853363,3.6898775009288376
2026-06-01 06:27:00+00:00,0.3785,0.3802,0.3784,0.38,114453.8,32.48141253883269,0.5853461026739862,0.32444395307853363,3.675312195004119
2026-06-01 06:28:00+00:00,0.3801,0.3806,0.3748,0.3768,346826.1,25.962878350732773,0.7801093821998175,0.32444395307853363,3.7065250374245355
2026-06-01 06:29:00+00:00,0.3768,0.3781,0.3766,0.3776,68130.8,29.87221150720912,0.702214439010363,0.32444395307853363,3.698672230141857
2026-06-01 06:30:00+00:00,0.3778,0.3785,0.3755,0.3778,88569.9,30.885929436857793,0.7202883476343317,0.3247971494035932,4.631590680680666
2026-06-01 06:31:00+00:00,0.3778,0.3784,0.3769,0.3776,136512.5,30.397698629404342,0.655985037576802,0.3247971494035932,4.634043853710687
2026-06-01 06:32:00+00:00,0.3777,0.38,0.3777,0.3798,70112.0,41.66769592523744,0.6481304901295435,0.3247971494035932,4.607201050977239
2026-06-01 06:33:00+00:00,0.3796,0.3804,0.3789,0.3795,68376.0,40.66992768277199,0.5979656603977879,0.3247971494035932,4.61084310714402
2026-06-01 06:34:00+00:00,0.3797,0.3805,0.3785,0.379,149769.8,38.94303166276042,0.5845445237381753,0.3247971494035932,4.616926013617825
2026-06-01 06:35:00+00:00,0.3789,0.3805,0.3782,0.3798,80304.4,43.22852147067799,0.5877669815624413,0.3247971494035932,3.315164753580466
2026-06-01 06:36:00+00:00,0.3799,0.3832,0.3795,0.3831,189627.8,57.04651727095899,0.6593242487025107,0.3247971494035932,3.2866081268855676
2026-06-01 06:37:00+00:00,0.383,0.384,0.3821,0.3831,150784.3,57.04651727095899,0.6266502107604952,0.3247971494035932,3.2866081268855676
2026-06-01 06:38:00+00:00,0.3831,0.3839,0.3828,0.3837,47994.2,59.27168904753941,0.55787270418003,0.3247971494035932,3.281468786577693
2026-06-01 06:39:00+00:00,0.3838,0.3843,0.383,0.3833,98732.9,57.08128063082525,0.514595891664757,0.3247971494035932,3.284893225697524
2026-06-01 06:40:00+00:00,0.3833,0.3843,0.3831,0.3832,83437.0,56.50127323680575,0.47441462479144225,0.3247971494035932,3.2857504525309524
2026-06-01 06:41:00+00:00,0.3832,0.3844,0.3832,0.3843,33363.8,61.306639030781994,0.4408965583556213,0.3247971494035932,3.2763454941708585
2026-06-01 06:42:00+00:00,0.3845,0.3849,0.3829,0.3833,94458.0,55.15233920921098,0.45799435925085374,0.3247971494035932,3.284893225697524
2026-06-01 06:43:00+00:00,0.3832,0.3846,0.3823,0.3837,120724.6,57.06779367374419,0.48589885410654754,0.3247971494035932,3.281468786577693
2026-06-01 06:44:00+00:00,0.3838,0.3852,0.3832,0.3841,104398.3,59.01287166004588,0.49245381998580023,0.3247971494035932,3.2780514798486355
2026-06-01 06:45:00+00:00,0.3841,0.3844,0.3826,0.384,43635.3,58.27942828046685,0.48781565053447173,0.32519118827798793,4.305048041157733
2026-06-01 06:46:00+00:00,0.3841,0.3856,0.3832,0.3838,54984.0,56.71307217497349,0.5155210209593278,0.32519118827798793,4.307291422106748
2026-06-01 06:47:00+00:00,0.3839,0.384,0.382,0.3825,33340.6,47.49404263560882,0.5183936582362145,0.32519118827798793,4.321930582495607
2026-06-01 06:48:00+00:00,0.3823,0.3845,0.382,0.3841,58444.9,57.043254417666326,0.5431618313467371,0.32519118827798793,4.303927226775761
2026-06-01 06:49:00+00:00,0.3844,0.3883,0.3841,0.3882,126512.3,71.6984257857001,0.6463234609382407,0.32519118827798793,4.258471014437325
2026-06-01 06:50:00+00:00,0.3883,0.3892,0.3864,0.3864,133237.3,61.46878674394236,0.6643949638431143,0.32519118827798793,3.0219383666723143
2026-06-01 06:51:00+00:00,0.3863,0.3876,0.3861,0.3875,34399.3,64.87194727567667,0.607426506382409,0.32519118827798793,3.0133599609862762
2026-06-01 06:52:00+00:00,0.3875,0.3884,0.3868,0.387,46343.7,62.10176403086738,0.5692563746215703,0.32519118827798793,3.0172531909100315
2026-06-01 06:53:00+00:00,0.3871,0.3878,0.3867,0.3872,30680.3,62.80763104455546,0.5119880516085692,0.32519118827798793,3.0156946923610075
2026-06-01 06:54:00+00:00,0.3872,0.3884,0.3868,0.3878,49899.3,64.98172065030879,0.49147348856697093,0.32519118827798793,3.0110288418828834
2026-06-01 06:55:00+00:00,0.3878,0.3879,0.387,0.3879,20077.6,65.35673565629561,0.4394811422867163,0.32519118827798793,3.010252603460124
2026-06-01 06:56:00+00:00,0.388,0.3887,0.3867,0.3877,47509.5,63.837527144571105,0.45493883950068054,0.32519118827798793,3.011805480738154
2026-06-01 06:57:00+00:00,0.3878,0.3881,0.3861,0.3861,24124.5,52.9060292040047,0.4690593899495755,0.32519118827798793,3.024286415131267
2026-06-01 06:58:00+00:00,0.386,0.3863,0.3852,0.3861,21457.6,52.9060292040047,0.4322275689397168,0.32519118827798793,3.024286415131267
2026-06-01 06:59:00+00:00,0.3861,0.388,0.3857,0.3879,26784.2,61.95448707884914,0.46276476281026085,0.32519118827798793,3.010252603460124
2026-06-01 07:00:00+00:00,0.3877,0.3882,0.3856,0.3865,51037.0,53.13221928703783,0.5060935606604916,0.32560785812331694,4.099215602098814
2026-06-01 07:01:00+00:00,0.3864,0.3864,0.3841,0.3858,62787.1,49.23704457451999,0.5300262544225616,0.32560785812331694,4.106653266488315
2026-06-01 07:02:00+00:00,0.3859,0.3864,0.3852,0.3862,26165.6,51.49479916867339,0.48572579794142956,0.32560785812331694,4.102399871080248
2026-06-01 07:03:00+00:00,0.3863,0.3874,0.3855,0.3874,24265.2,57.75745639530827,0.48546681087244276,0.32560785812331694,4.089692385676798
2026-06-01 07:04:00+00:00,0.3875,0.3897,0.3874,0.3893,48816.1,65.57652304118967,0.5046387722208755,0.32560785812331694,4.069732417701495
2026-06-01 07:05:00+00:00,0.3892,0.3895,0.3881,0.3893,15719.9,65.57652304118969,0.47563498386968844,0.32560785812331694,2.989738106301847
2026-06-01 07:06:00+00:00,0.3893,0.3893,0.3874,0.3886,44608.2,60.48430524346151,0.4789803380761063,0.32560785812331694,2.995123635572076
2026-06-01 07:07:00+00:00,0.3887,0.3888,0.3866,0.3878,59531.9,55.05544912361054,0.49743529525812147,0.32560785812331694,3.0013023331183826
2026-06-01 07:08:00+00:00,0.3878,0.3885,0.3873,0.3876,15639.2,53.71617880085594,0.46007308049762724,0.32560785812331694,3.002850992732995
2026-06-01 07:09:00+00:00,0.3874,0.3878,0.3863,0.3868,45967.7,48.47528032779708,0.4463791644278807,0.32560785812331694,3.0090616462857
2026-06-01 07:10:00+00:00,0.3867,0.3892,0.3865,0.3879,48573.7,55.15923957751399,0.4953018010842048,0.32560785812331694,3.0005286021740365
2026-06-01 07:11:00+00:00,0.3878,0.3892,0.3873,0.3892,93728.4,61.68582198879607,0.4925540979251046,0.32560785812331694,2.990506281560403
2026-06-01 07:12:00+00:00,0.3891,0.3911,0.3883,0.3901,80580.6,65.54361735222099,0.5366871159445298,0.32560785812331694,2.983606882295075
2026-06-01 07:13:00+00:00,0.39,0.3908,0.3894,0.3908,48711.7,68.30182497467418,0.5002285443806755,0.32560785812331694,2.978262652976737
2026-06-01 07:14:00+00:00,0.3907,0.3943,0.3901,0.3937,246969.7,76.83695830781838,0.6105955095635612,0.32560785812331694,2.9563247263990573
2026-06-01 07:15:00+00:00,0.3936,0.3949,0.3931,0.3935,83671.5,75.28362006913387,0.5802113384806571,0.3260602976042251,4.1076099763443
2026-06-01 07:16:00+00:00,0.3934,0.3943,0.3923,0.3927,309855.1,69.07710939434538,0.5669735914278352,0.3260602976042251,4.1159779111063965
2026-06-01 07:17:00+00:00,0.3926,0.3929,0.3917,0.3918,28278.0,62.62361200587999,0.5158765275216166,0.3260602976042251,4.125432684255952
2026-06-01 07:18:00+00:00,0.3918,0.3927,0.3915,0.3923,84464.1,64.66156108715666,0.47335289010036985,0.3260602976042251,4.120174676756264
2026-06-01 07:19:00+00:00,0.3924,0.3963,0.3919,0.3962,126989.0,76.00188080413291,0.5970647931072672,0.3260602976042251,4.0796176822096974
2026-06-01 07:20:00+00:00,0.396,0.396,0.3946,0.3948,30714.6,67.37774953010585,0.560399333392298,0.3260602976042251,3.1994635274364027
2026-06-01 07:21:00+00:00,0.3948,0.3957,0.3946,0.3948,36108.3,67.37774953010585,0.5040438841403829,0.3260602976042251,3.1994635274364027
2026-06-01 07:22:00+00:00,0.3947,0.3967,0.3947,0.3966,120131.1,72.35672477567748,0.5022622802997947,0.3260602976042251,3.184942512939717
2026-06-01 07:23:00+00:00,0.3965,0.3967,0.3952,0.3957,82048.8,66.70102854898927,0.4785387321039143,0.3260602976042251,3.192186506524872
2026-06-01 07:24:00+00:00,0.3957,0.3968,0.3953,0.3968,68049.4,69.89647932083865,0.45737454897886876,0.3260602976042251,3.1833371991731143
2026-06-01 07:25:00+00:00,0.3967,0.3981,0.3964,0.398,95016.8,73.03320602239918,0.45022355986897683,0.3260602976042251,3.173739197567567
2026-06-01 07:26:00+00:00,0.3978,0.3981,0.3972,0.398,16897.5,73.03320602239918,0.4054049785484484,0.3260602976042251,3.173739197567567
2026-06-01 07:27:00+00:00,0.3979,0.3985,0.3965,0.3973,108521.3,67.9353563632649,0.4255749941349762,0.3260602976042251,3.1793309857334298
2026-06-01 07:28:00+00:00,0.3974,0.3984,0.3974,0.3982,110916.2,70.84281904973915,0.3949391163632863,0.3260602976042251,3.172145154776222
2026-06-01 07:29:00+00:00,0.3982,0.3983,0.395,0.3951,58401.0,52.59194588140025,0.48547660062943027,0.3260602976042251,3.1970341701642413
2026-06-01 07:30:00+00:00,0.3952,0.3952,0.3921,0.3923,124572.5,41.78778599959636,0.5491956256103752,0.32651903316831665,4.389201541482108
2026-06-01 07:31:00+00:00,0.3922,0.3924,0.3904,0.391,105794.0,37.78356943751503,0.5431190668582102,0.32651903316831665,4.403794794689081
2026-06-01 07:32:00+00:00,0.3911,0.3915,0.3901,0.3906,57568.7,36.58504760480584,0.5066247929166626,0.32651903316831665,4.408304569184411
2026-06-01 07:33:00+00:00,0.3907,0.3908,0.3878,0.3891,176783.2,32.3141039486664,0.5610642901326106,0.32651903316831665,4.425298804223672
2026-06-01 07:34:00+00:00,0.3892,0.3902,0.3888,0.3891,125897.4,32.3141039486664,0.5208123675982504,0.32651903316831665,4.425298804223672
2026-06-01 07:35:00+00:00,0.3891,0.3914,0.389,0.3913,108058.7,44.125029395640745,0.5369753994019517,0.32651903316831665,3.3934190910521904
2026-06-01 07:36:00+00:00,0.3915,0.3918,0.3905,0.3918,38372.8,46.48322847621228,0.49539249369266547,0.32651903316831665,3.3890885409104703
2026-06-01 07:37:00+00:00,0.3916,0.3917,0.3905,0.3915,77943.3,45.21113989024313,0.46302892266418494,0.32651903316831665,3.391685543623811
2026-06-01 07:38:00+00:00,0.3915,0.3922,0.3906,0.3917,50318.1,46.299728496911925,0.4519291768660264,0.32651903316831665,3.3899537664761863
2026-06-01 07:39:00+00:00,0.3916,0.3921,0.3907,0.3913,105073.6,44.34190579166778,0.433469273863374,0.32651903316831665,3.3934190910521904
2026-06-01 07:40:00+00:00,0.3914,0.392,0.3906,0.3907,36307.1,41.42259100608335,0.41897420396772683,0.32651903316831665,3.3986303822081445
2026-06-01 07:41:00+00:00,0.3906,0.3913,0.3894,0.3895,79698.9,36.13580435883878,0.4337729838052678,0.32651903316831665,3.409101130497361
2026-06-01 07:42:00+00:00,0.3895,0.3895,0.3853,0.3855,99960.7,24.537018147038836,0.5685179293222365,0.32651903316831665,3.4444744236802127
2026-06-01 07:43:00+00:00,0.3855,0.3858,0.3822,0.3834,274664.2,20.66732986415152,0.6450989290635827,0.32651903316831665,3.46334087201023
2026-06-01 07:44:00+00:00,0.3834,0.3843,0.3826,0.3839,63444.3,23.844662935760454,0.603971720558431,0.32651903316831665,3.4588301389130556
2026-06-01 07:45:00+00:00,0.3839,0.3854,0.3837,0.3853,69258.0,32.28243046154967,0.569664663425658,0.3269003020509192,4.435800085469138
2026-06-01 07:46:00+00:00,0.3853,0.3853,0.3824,0.3825,133336.0,25.904380605996817,0.6107017930831999,0.3269003020509192,4.468271301781069
2026-06-01 07:47:00+00:00,0.3825,0.3837,0.3806,0.3806,289595.5,22.54590351801026,0.6539010737873332,0.3269003020509192,4.490577438074774
2026-06-01 07:48:00+00:00,0.3807,0.3822,0.3802,0.3802,82932.0,21.882274274286235,0.6288790082766104,0.3269003020509192,4.495301875147971
2026-06-01 07:49:00+00:00,0.3802,0.3818,0.38,0.3809,197594.9,26.111218112171592,0.5966916228863564,0.3269003020509192,4.487040622030083
2026-06-01 07:50:00+00:00,0.3809,0.3824,0.3808,0.382,118298.3,32.49221215474199,0.5597483542563622,0.3269003020509192,3.383361067021595
2026-06-01 07:51:00+00:00,0.382,0.3824,0.3805,0.381,54153.8,29.885267644093304,0.5487115408418491,0.3269003020509192,3.39224127979593
2026-06-01 07:52:00+00:00,0.3809,0.3813,0.3795,0.3797,64634.8,26.78150610928466,0.5352838494827363,0.3269003020509192,3.40385548486239
2026-06-01 07:53:00+00:00,0.3799,0.3805,0.3789,0.38,64426.5,28.68071856044669,0.5120995318917785,0.3269003020509192,3.401168230532235
2026-06-01 07:54:00+00:00,0.3801,0.3808,0.378,0.3784,80539.4,24.859503912041433,0.5594034294268001,0.3269003020509192,3.4155494915492843
2026-06-01 07:55:00+00:00,0.3785,0.3795,0.3785,0.3789,38172.8,28.18191040436606,0.5049950017315405,0.3269003020509192,3.4110423003490347
2026-06-01 07:56:00+00:00,0.3789,0.3794,0.3775,0.3775,79547.9,24.77398485532188,0.5061565163572578,0.3269003020509192,3.4236925234496667
2026-06-01 07:57:00+00:00,0.3777,0.3794,0.3773,0.3773,53766.2,24.30741371519068,0.5164571108929014,0.3269003020509192,3.4255073617870373
2026-06-01 07:58:00+00:00,0.3772,0.3777,0.3763,0.3763,74089.2,22.005059951288846,0.4886723740417552,0.3269003020509192,3.4346104905720147
2026-06-01 07:59:00+00:00,0.3764,0.3775,0.376,0.3774,68063.7,30.097444814913793,0.469289696559433,0.3269003020509192,3.4245997021787207
2026-06-01 08:00:00+00:00,0.3774,0.3783,0.3726,0.3758,426159.7,25.775305937517157,0.6803830366823437,0.3272358482166938,4.3320651766282205
2026-06-01 08:01:00+00:00,0.3759,0.3767,0.375,0.375,107469.3,23.87087623436555,0.6361342830618117,0.3272358482166938,4.341306915671694
2026-06-01 08:02:00+00:00,0.3751,0.3755,0.3739,0.3749,167052.0,23.628403450326914,0.5943992662537833,0.3272358482166938,4.342464906313378
2026-06-01 08:03:00+00:00,0.3748,0.3765,0.3735,0.3762,144031.1,33.400082065333834,0.6333658371473544,0.3272358482166938,4.327459046722184
2026-06-01 08:04:00+00:00,0.3762,0.3786,0.3751,0.3784,222404.7,46.31584933493665,0.6887362112787205,0.3272358482166938,4.302299401101705
2026-06-01 08:05:00+00:00,0.3783,0.3794,0.3773,0.3774,127933.7,42.18413337295324,0.6637366875418497,0.3272358482166938,3.1148664877284364
2026-06-01 08:06:00+00:00,0.3775,0.3781,0.3768,0.3781,52359.3,45.93533067275932,0.5987711735060425,0.3272358482166938,3.1090997420489606
2026-06-01 08:07:00+00:00,0.3781,0.3811,0.3776,0.3805,273845.2,56.65007692853556,0.6599640067335288,0.3272358482166938,3.089489126067574
2026-06-01 08:08:00+00:00,0.3804,0.3804,0.3792,0.3803,43915.3,55.629259992096806,0.5966159443851871,0.3272358482166938,3.091113890267452
2026-06-01 08:09:00+00:00,0.3802,0.3823,0.3798,0.382,118894.8,62.082317873991165,0.606058730156409,0.3272358482166938,3.077357624263644
2026-06-01 08:10:00+00:00,0.382,0.382,0.3804,0.3811,78613.1,57.18973644513029,0.5699594540430292,0.3272358482166938,3.084625065517481
2026-06-01 08:11:00+00:00,0.381,0.3824,0.3805,0.3814,91022.7,58.403850551552885,0.5552418415014132,0.3272358482166938,3.082198774170718
2026-06-01 08:12:00+00:00,0.3814,0.382,0.3807,0.3816,63788.5,59.259709038111474,0.5120948393053241,0.3272358482166938,3.080583366008155
2026-06-01 08:13:00+00:00,0.3815,0.3819,0.3808,0.3812,63673.0,56.66863929792512,0.4678182385706431,0.3272358482166938,3.0838158774100526
2026-06-01 08:14:00+00:00,0.3811,0.3811,0.3785,0.3789,128206.9,44.29495151525353,0.5190442070058139,0.3272358482166938,3.102535266478522
2026-06-01 08:15:00+00:00,0.3789,0.3809,0.3789,0.3799,158015.2,49.61025630392983,0.5194332193408854,0.32757913161724733,3.997983714193785
2026-06-01 08:16:00+00:00,0.3799,0.3799,0.3751,0.3752,165548.7,33.111078783028105,0.6766155224469148,0.32757913161724733,4.0480650666903495
2026-06-01 08:17:00+00:00,0.3751,0.3772,0.375,0.3772,179235.4,42.1999268002606,0.655071355296038,0.32757913161724733,4.026601307057844
2026-06-01 08:18:00+00:00,0.3773,0.379,0.3765,0.3785,119508.8,47.36525606816568,0.654357548676704,0.32757913161724733,4.012771500719204
2026-06-01 08:19:00+00:00,0.3785,0.3808,0.3784,0.3799,126496.8,52.44992840740459,0.6479059377186266,0.32757913161724733,3.997983714193785
2026-06-01 08:20:00+00:00,0.3798,0.3816,0.3793,0.3808,41893.4,55.51919796022674,0.6378980372674483,0.32757913161724733,2.7838719772339275
2026-06-01 08:21:00+00:00,0.3806,0.3814,0.3802,0.381,51252.1,56.21700334372034,0.5730426721080214,0.32757913161724733,2.7824106271146447
2026-06-01 08:22:00+00:00,0.3809,0.3884,0.3806,0.3842,519090.2,65.76495278358585,0.8606543635047516,0.32757913161724733,2.7592359420371677
2026-06-01 08:23:00+00:00,0.3844,0.385,0.3834,0.3834,227465.9,62.00870047017848,0.7734239049734487,0.32757913161724733,2.7649933461937395
2026-06-01 08:24:00+00:00,0.3833,0.3843,0.383,0.3837,31955.1,62.89181834730195,0.6860166279214374,0.32757913161724733,2.7628315062045345
2026-06-01 08:25:00+00:00,0.3838,0.3851,0.3838,0.3842,94526.9,64.4232818470398,0.6209777826828857,0.32757913161724733,2.7592359420371677
2026-06-01 08:26:00+00:00,0.3842,0.3858,0.3835,0.3854,66693.6,67.95046083092578,0.6145919337971228,0.32757913161724733,2.7506446521294228
2026-06-01 08:27:00+00:00,0.3854,0.3857,0.3841,0.3841,54450.8,60.705899247782355,0.5766492710969245,0.32757913161724733,2.7599543059897935
2026-06-01 08:28:00+00:00,0.3841,0.3841,0.383,0.3833,65596.5,56.58116730148366,0.5196785494982071,0.32757913161724733,2.765714711533211
2026-06-01 08:29:00+00:00,0.3832,0.3842,0.3824,0.3842,57402.9,59.98015973227459,0.5084701468457303,0.32757913161724733,2.7592359420371677
2026-06-01 08:30:00+00:00,0.3842,0.3846,0.3815,0.3818,135224.6,48.68708820921301,0.5717218028666934,0.32795535001181714,3.761961350184612
2026-06-01 08:31:00+00:00,0.3817,0.3819,0.3807,0.3818,153805.1,48.687088209213,0.5202375784903184,0.32795535001181714,3.761961350184612
2026-06-01 08:32:00+00:00,0.3819,0.3827,0.3816,0.3826,123791.2,52.37699174453664,0.4728211342762222,0.32795535001181714,3.7540952522229083
2026-06-01 08:33:00+00:00,0.3827,0.3868,0.3825,0.386,155751.1,64.4491467291229,0.5977230382882526,0.32795535001181714,3.7210280919701675
2026-06-01 08:34:00+00:00,0.3858,0.3868,0.3853,0.3853,59410.7,60.91665896356363,0.5569085757160976,0.32795535001181714,3.727788329874085
2026-06-01 08:35:00+00:00,0.3853,0.3881,0.3852,0.3877,169557.4,67.66770049731757,0.5923690982169983,0.32795535001181714,2.7212998733503944
2026-06-01 08:36:00+00:00,0.3877,0.3885,0.3873,0.3884,53817.8,69.38167671184307,0.5348331604093328,0.32795535001181714,2.716395367914387
2026-06-01 08:37:00+00:00,0.3883,0.3884,0.3867,0.387,39326.0,62.06969200720237,0.5172696630552676,0.32795535001181714,2.726222121183328
2026-06-01 08:38:00+00:00,0.3869,0.3869,0.3853,0.3858,66725.1,56.40805158868542,0.5032314351526999,0.32795535001181714,2.734701816739108
2026-06-01 08:39:00+00:00,0.3857,0.3866,0.3855,0.3864,45621.4,58.51051400930659,0.4588958337099613,0.32795535001181714,2.730455385346656
2026-06-01 08:40:00+00:00,0.3863,0.3863,0.3838,0.3841,69702.6,48.53927126428913,0.5046963814538511,0.32795535001181714,2.746805417594241
2026-06-01 08:41:00+00:00,0.3841,0.3842,0.3818,0.3826,106703.8,43.20395909020206,0.5307974492763712,0.32795535001181714,2.757574388128458
2026-06-01 08:42:00+00:00,0.3826,0.3826,0.3795,0.3801,198728.0,35.89707963987626,0.5905458649684597,0.32795535001181714,2.775711551954612
2026-06-01 08:43:00+00:00,0.3802,0.3816,0.3799,0.3815,77206.4,42.000562068652805,0.5598248666306915,0.32795535001181714,2.765525454516246
2026-06-01 08:44:00+00:00,0.3816,0.3829,0.381,0.3816,139327.7,42.4355564517249,0.5473232423891177,0.32795535001181714,2.764800736105734
2026-06-01 08:45:00+00:00,0.3816,0.3848,0.3813,0.3841,219970.7,52.36043404988068,0.6172529014229364,0.32831179286888146,3.6748003591832044
2026-06-01 08:46:00+00:00,0.3842,0.3853,0.383,0.384,108645.9,51.96225689773226,0.6137225821594774,0.32831179286888146,3.675757338443408
2026-06-01 08:47:00+00:00,0.384,0.3843,0.3826,0.3828,44225.7,47.1786313910723,0.5813364086713455,0.32831179286888146,3.6872800887206605
2026-06-01 08:48:00+00:00,0.3829,0.3831,0.3799,0.3799,114650.9,37.827726323574076,0.6370846585720253,0.32831179286888146,3.7154272649704363
2026-06-01 08:49:00+00:00,0.3798,0.3803,0.3785,0.3797,158951.5,37.2617977751762,0.6047478784124584,0.32831179286888146,3.7173842980307312
2026-06-01 08:50:00+00:00,0.3798,0.3804,0.3793,0.3796,56266.7,36.95464959411202,0.5418814951174082,0.32831179286888146,2.83441689195899
2026-06-01 08:51:00+00:00,0.3797,0.3803,0.3782,0.3797,81670.9,37.526832866586254,0.5440046679938253,0.32831179286888146,2.833670403443857
2026-06-01 08:52:00+00:00,0.3796,0.3808,0.3793,0.3808,57368.2,43.764766796688995,0.5127280933555787,0.32831179286888146,2.8254849059549176
2026-06-01 08:53:00+00:00,0.3808,0.3815,0.3801,0.3812,69956.2,45.945506575087826,0.4832043188873132,0.32831179286888146,2.822520073944472
2026-06-01 08:54:00+00:00,0.3813,0.382,0.3813,0.382,18243.9,50.23409834915812,0.4276387148897264,0.32831179286888146,2.8166090371404
2026-06-01 08:55:00+00:00,0.382,0.3824,0.3806,0.381,53153.8,45.24811419497796,0.4374970899482963,0.32831179286888146,2.824001711778563
2026-06-01 08:56:00+00:00,0.381,0.382,0.3801,0.3819,71393.8,50.19182348803852,0.44867534175501694,0.32831179286888146,2.8173465624185194
2026-06-01 08:57:00+00:00,0.3819,0.3828,0.3813,0.3814,38580.5,47.54200386881443,0.4380684069559329,0.32831179286888146,2.82103999000428
2026-06-01 08:58:00+00:00,0.3813,0.3816,0.3806,0.3808,17569.6,44.41551574541946,0.4035279210356991,0.32831179286888146,2.8254849059549176
2026-06-01 08:59:00+00:00,0.3807,0.3811,0.3793,0.3811,35404.4,46.37470543193143,0.41703160814566986,0.32831179286888146,2.8232606984718776
2026-06-01 09:00:00+00:00,0.3811,0.3823,0.3811,0.382,26339.9,52.01273848524812,0.39566648348547484,0.3286625450757327,3.734808531515447
2026-06-01 09:01:00+00:00,0.3821,0.3823,0.3809,0.3815,59832.2,48.842850512243636,0.39034253565703864,0.3286625450757327,3.739703431294628
2026-06-01 09:02:00+00:00,0.3816,0.3824,0.3794,0.3801,43636.3,41.05804175735867,0.4712774056367489,0.3286625450757327,3.7534776612441476
2026-06-01 09:03:00+00:00,0.38,0.3806,0.3783,0.3795,117927.7,38.16166554260728,0.49883012781560465,0.3286625450757327,3.7594120132777356
2026-06-01 09:04:00+00:00,0.3795,0.3798,0.3777,0.3782,120548.7,32.621636113541896,0.5114881724082986,0.3286625450757327,3.772334370806189
2026-06-01 09:05:00+00:00,0.3782,0.3799,0.3777,0.3797,46959.0,43.19425152393194,0.5234549945848184,0.3286625450757327,2.853340686029481
2026-06-01 09:06:00+00:00,0.3798,0.3814,0.3798,0.3814,67021.1,52.56683344037392,0.5060427088492006,0.3286625450757327,2.840622596972716
2026-06-01 09:07:00+00:00,0.3814,0.3819,0.3804,0.3813,30619.7,52.00600628812515,0.48361854530308973,0.3286625450757327,2.841367580606855
2026-06-01 09:08:00+00:00,0.3812,0.3812,0.379,0.3793,29148.5,42.039141993924225,0.5102109176357865,0.3286625450757327,2.856349745545462
2026-06-01 09:09:00+00:00,0.3793,0.3799,0.3788,0.3799,17062.9,45.51950716410727,0.4654340638257512,0.3286625450757327,2.8518385324701074
2026-06-01 09:10:00+00:00,0.3798,0.3803,0.3794,0.3796,13313.8,44.05002715143119,0.4200598542621774,0.3286625450757327,2.8540923563893412
2026-06-01 09:11:00+00:00,0.3797,0.3801,0.3791,0.3801,17723.9,47.206162391335,0.3882235636472982,0.3286625450757327,2.8503379597090075
2026-06-01 09:12:00+00:00,0.38,0.3806,0.3795,0.38,29141.2,46.621733565369716,0.36855531903650063,0.3286625450757327,2.851088048645773
2026-06-01 09:13:00+00:00,0.3801,0.3801,0.3791,0.3792,42033.9,41.999762285888906,0.3482089055566883,0.3286625450757327,2.8571030023348993
2026-06-01 09:14:00+00:00,0.3792,0.3801,0.3783,0.3796,22592.5,45.0274574247136,0.37311025708555406,0.3286625450757327,2.8540923563893412
2026-06-01 09:15:00+00:00,0.3797,0.3802,0.3788,0.3788,22633.9,40.347069476361966,0.373036227222123,0.32900099992572784,3.753612218797549
2026-06-01 09:16:00+00:00,0.3787,0.3794,0.3781,0.3789,21036.6,41.196012817045585,0.3669699084122265,0.32900099992572784,3.752621558407262
2026-06-01 09:17:00+00:00,0.3788,0.3795,0.3782,0.3795,17503.5,46.29163902144092,0.36162297401295007,0.32900099992572784,3.7466885598959467
2026-06-01 09:18:00+00:00,0.3794,0.3795,0.3784,0.3784,22110.0,39.34629778937123,0.3482788977545757,0.32900099992572784,3.757580096407272
2026-06-01 09:19:00+00:00,0.3784,0.3801,0.3771,0.3801,47898.4,51.77161480000903,0.43523017081890353,0.32900099992572784,3.7407742922402307
2026-06-01 09:20:00+00:00,0.3801,0.3812,0.38,0.3812,13134.0,57.962941691226476,0.4101384846343436,0.32900099992572784,2.7430480427877932
2026-06-01 09:21:00+00:00,0.3812,0.3812,0.3797,0.3801,70233.6,50.72725335551495,0.4079869304764258,0.32900099992572784,2.7509863559871266
2026-06-01 09:22:00+00:00,0.38,0.38,0.379,0.3792,22080.4,45.557213390495065,0.3851810807470236,0.32900099992572784,2.7575155957560833
2026-06-01 09:23:00+00:00,0.3791,0.3805,0.379,0.38,36353.8,50.53624207729561,0.3864435069879398,0.32900099992572784,2.751710299765018
2026-06-01 09:24:00+00:00,0.38,0.3801,0.379,0.3796,23794.7,48.092747572892506,0.36743631750351285,0.32900099992572784,2.7546098891219883
2026-06-01 09:25:00+00:00,0.3795,0.38,0.3794,0.3796,17492.6,48.092747572892506,0.32556127739585505,0.32900099992572784,2.7546098891219883
2026-06-01 09:26:00+00:00,0.3797,0.3799,0.3783,0.3785,27207.3,41.31126579036113,0.3457501947676963,0.32900099992572784,2.7626153603981685
2026-06-01 09:27:00+00:00,0.3785,0.379,0.3777,0.3777,41453.9,37.085512943162115,0.3460237198190599,0.32900099992572784,2.768466809400865
2026-06-01 09:28:00+00:00,0.3776,0.3785,0.3763,0.3785,75661.6,43.506364169715184,0.39248223825766637,0.32900099992572784,2.7626153603981685
2026-06-01 09:29:00+00:00,0.3783,0.3783,0.3766,0.3768,56780.5,35.058425069380704,0.41625165006481324,0.32900099992572784,2.775079389359625
2026-06-01 09:30:00+00:00,0.3767,0.3777,0.3736,0.3763,242425.0,32.966485170901386,0.5513550289543905,0.329318601255125,3.622777686175614
2026-06-01 09:31:00+00:00,0.3763,0.3764,0.3744,0.3748,94197.0,27.497268799707562,0.549572886650026,0.329318601255125,3.6372765296368295
2026-06-01 09:32:00+00:00,0.3751,0.3753,0.3727,0.374,101553.4,25.035924795968295,0.5796361880565368,0.329318601255125,3.645056800288459
2026-06-01 09:33:00+00:00,0.374,0.3749,0.3736,0.3746,129392.7,30.239603250049896,0.5323735917419015,0.329318601255125,3.6392184818683493
2026-06-01 09:34:00+00:00,0.3743,0.3755,0.3743,0.375,48304.1,33.651191610557994,0.4894445812619003,0.329318601255125,3.635336648821023
2026-06-01 09:35:00+00:00,0.3748,0.3752,0.373,0.3745,94985.2,31.510885952559732,0.5095684229067281,0.329318601255125,2.6884069058573106
2026-06-01 09:36:00+00:00,0.3746,0.3752,0.3731,0.3736,43890.0,27.954876362222624,0.5210564761853737,0.329318601255125,2.694883260823241
2026-06-01 09:37:00+00:00,0.3736,0.3744,0.3731,0.3738,43849.3,29.907938758123585,0.48617806207138825,0.329318601255125,2.693441375718466
2026-06-01 09:38:00+00:00,0.3738,0.3744,0.3737,0.374,16295.6,31.95744676601069,0.42616761412253634,0.329318601255125,2.6920010327367994
2026-06-01 09:39:00+00:00,0.3741,0.3744,0.3732,0.3735,33367.1,29.556761974517798,0.4056475238165022,0.329318601255125,2.695604782445951
2026-06-01 09:40:00+00:00,0.3735,0.3746,0.3734,0.3735,40512.2,29.556761974517798,0.3887750471656504,0.329318601255125,2.695604782445951
2026-06-01 09:41:00+00:00,0.3735,0.3735,0.3714,0.3715,133410.0,21.55902448371176,0.4257496207081996,0.329318601255125,2.7101167866583116
2026-06-01 09:42:00+00:00,0.3716,0.3728,0.371,0.372,176763.0,27.042756312860995,0.436916094823864,0.329318601255125,2.706474156568717
2026-06-01 09:43:00+00:00,0.372,0.373,0.3714,0.3728,95037.3,35.10774168142311,0.43461971518128145,0.329318601255125,2.7006662721125614
2026-06-01 09:44:00+00:00,0.373,0.3731,0.3722,0.3724,53612.6,33.07640918349673,0.39640436051467676,0.329318601255125,2.703567095176055
2026-06-01 09:45:00+00:00,0.3724,0.3733,0.3717,0.3717,66791.3,29.73145741390544,0.4038116413358446,0.329604856396287,3.4787826941230753
2026-06-01 09:46:00+00:00,0.3718,0.3727,0.3704,0.3712,162477.0,27.52249295506565,0.44740686871666513,0.329604856396287,3.483468554433047
2026-06-01 09:47:00+00:00,0.3711,0.3732,0.3711,0.3732,54828.4,45.514230291952025,0.4685475448394981,0.329604856396287,3.464800448567918
2026-06-01 09:48:00+00:00,0.3732,0.3742,0.3727,0.3742,42018.7,52.11770218638166,0.45400736233907163,0.329604856396287,3.4555412277005533
2026-06-01 09:49:00+00:00,0.3741,0.3761,0.3736,0.3745,70657.1,53.97697512373474,0.49642628568711483,0.329604856396287,3.4527731038866403
2026-06-01 09:50:00+00:00,0.3744,0.3754,0.3742,0.3753,34989.6,58.725671512415836,0.46024331252827144,0.329604856396287,2.5108215309200075
2026-06-01 09:51:00+00:00,0.3753,0.3779,0.3747,0.3766,132554.4,65.20747736320256,0.5368652473539272,0.329604856396287,2.5021543296714785
2026-06-01 09:52:00+00:00,0.3765,0.3769,0.3752,0.3758,37232.9,58.88450667607075,0.5208801535997654,0.329604856396287,2.5074808955675327
2026-06-01 09:53:00+00:00,0.3758,0.3775,0.3758,0.377,97364.6,64.60478401685221,0.505563420101414,0.329604856396287,2.4994995240166547
2026-06-01 09:54:00+00:00,0.377,0.3771,0.3761,0.3763,22425.1,59.26093291548319,0.4583521857629191,0.329604856396287,2.5041491378003684
2026-06-01 09:55:00+00:00,0.3764,0.3767,0.3761,0.3762,25048.4,58.4929481039,0.3986771451410658,0.329604856396287,2.5048147808460364
2026-06-01 09:56:00+00:00,0.3761,0.3772,0.3757,0.377,25652.2,62.7804359905485,0.3978405135322419,0.329604856396287,2.4994995240166547
2026-06-01 09:57:00+00:00,0.377,0.3772,0.3764,0.3765,23332.7,58.57843373396826,0.36119176329700803,0.329604856396287,2.502818912494764
2026-06-01 09:58:00+00:00,0.3764,0.377,0.3753,0.3758,35565.7,53.05460084397118,0.3799652983104268,0.329604856396287,2.5074808955675327
2026-06-01 09:59:00+00:00,0.3758,0.3774,0.3757,0.377,116460.8,60.20279088239554,0.39319036414866687,0.329604856396287,2.4994995240166547
2026-06-01 10:00:00+00:00,0.3771,0.3782,0.3767,0.3767,85045.0,57.75977631931909,0.3944417675265144,0.3299197742939861,3.3374813332980784
2026-06-01 10:01:00+00:00,0.3766,0.3766,0.3754,0.3758,26901.5,50.87775357094786,0.38549486711492736,0.3299197742939861,3.3454742369701598
2026-06-01 10:02:00+00:00,0.3757,0.3767,0.3757,0.3763,40986.3,54.24311734533852,0.361135202895115,0.3299197742939861,3.341029014757869
2026-06-01 10:03:00+00:00,0.3762,0.3763,0.3751,0.376,65681.9,51.87386591152503,0.35296846138177157,0.3299197742939861,3.3436947293973036
2026-06-01 10:04:00+00:00,0.376,0.3773,0.376,0.377,16594.3,58.57522520944044,0.3505912816542105,0.3299197742939861,3.334825512608451
2026-06-01 10:05:00+00:00,0.3771,0.3773,0.3759,0.3761,25195.6,51.41579467851242,0.3555924768596388,0.3299197742939861,2.4428991445314234
2026-06-01 10:06:00+00:00,0.3761,0.3773,0.3757,0.3757,26707.5,48.48906065861914,0.36995119626704565,0.3299197742939861,2.4455000485979994
2026-06-01 10:07:00+00:00,0.3756,0.3759,0.3751,0.3757,18526.8,48.48906065861914,0.33854812762848996,0.3299197742939861,2.4455000485979994
2026-06-01 10:08:00+00:00,0.3756,0.3761,0.3753,0.3758,16886.0,49.37842023774569,0.3133422704630609,0.3299197742939861,2.4448493035078984
2026-06-01 10:09:00+00:00,0.3757,0.3759,0.374,0.3744,61327.8,38.92436140308948,0.35310689153850133,0.3299197742939861,2.4539913682111867
2026-06-01 10:10:00+00:00,0.3745,0.3751,0.3743,0.3749,22814.8,43.65784284120214,0.32478681289306816,0.3299197742939861,2.4507185069572373
2026-06-01 10:11:00+00:00,0.3748,0.3755,0.3741,0.3749,68399.0,43.65784284120215,0.33451603340327885,0.3299197742939861,2.4507185069572373
2026-06-01 10:12:00+00:00,0.3747,0.3751,0.3742,0.3743,26481.1,39.16141837746135,0.31613157557657395,0.3299197742939861,2.454646989736223
2026-06-01 10:13:00+00:00,0.3743,0.3748,0.3729,0.3733,42450.9,32.88867347570226,0.3553775488632456,0.3299197742939861,2.4612225241314447
2026-06-01 10:14:00+00:00,0.3733,0.3746,0.3733,0.3745,54972.6,44.69920233998834,0.35281695912555144,0.3299197742939861,2.453336096817806
2026-06-01 10:15:00+00:00,0.3746,0.376,0.3746,0.3753,656374.2,51.076767416343735,0.3615879588436323,0.33021598841827854,3.237379409940567
2026-06-01 10:16:00+00:00,0.3752,0.3772,0.3751,0.3768,98860.9,60.55406505352604,0.39958378121871546,0.33021598841827854,3.224491753053861
2026-06-01 10:17:00+00:00,0.3768,0.3773,0.3763,0.3766,34482.0,58.86471122709006,0.3729435342819161,0.33021598841827854,3.2262041756524025
2026-06-01 10:18:00+00:00,0.3766,0.3772,0.3764,0.3771,18845.3,61.82322790177529,0.3403883002080484,0.33021598841827854,3.2219265249289175
2026-06-01 10:19:00+00:00,0.3772,0.3792,0.3772,0.3787,42503.7,69.59773522252516,0.38206586323412695,0.33021598841827854,3.208313949170042
2026-06-01 10:20:00+00:00,0.3785,0.379,0.3781,0.3782,17783.1,65.00147710942439,0.35365064496407017,0.33021598841827854,2.3727846725370654
2026-06-01 10:21:00+00:00,0.3782,0.3787,0.3773,0.3773,32275.3,57.4177072639344,0.35780688878963207,0.33021598841827854,2.3784446412762206
2026-06-01 10:22:00+00:00,0.3772,0.3775,0.3765,0.3769,10949.1,54.28979139071865,0.3396137737125566,0.33021598841827854,2.3809688595211407
2026-06-01 10:23:00+00:00,0.3769,0.378,0.3768,0.3775,56121.5,58.0945609798478,0.33483535112532353,0.33021598841827854,2.3771845381550145
2026-06-01 10:24:00+00:00,0.3774,0.3781,0.3773,0.3781,11180.5,61.642102172221,0.3097600530014469,0.33021598841827854,2.373412227330119
2026-06-01 10:25:00+00:00,0.3781,0.379,0.3772,0.3774,79215.2,55.54648208739571,0.34365718291435643,0.33021598841827854,2.3778144227703177
2026-06-01 10:26:00+00:00,0.3773,0.3775,0.3762,0.3764,55021.5,48.01055590747724,0.3447316064439505,0.33021598841827854,2.3841316768159353
2026-06-01 10:27:00+00:00,0.3764,0.3777,0.3759,0.3777,27903.7,56.52933248980611,0.3701498049573782,0.33021598841827854,2.3759257695353933
2026-06-01 10:28:00+00:00,0.3776,0.3789,0.3774,0.3776,66370.4,55.748585983912214,0.37564741807712243,0.33021598841827854,2.3765549871650373
2026-06-01 10:29:00+00:00,0.3776,0.3778,0.3773,0.3774,17086.0,54.0885072947923,0.32717427676930877,0.33021598841827854,2.3778144227703177
2026-06-01 10:30:00+00:00,0.3773,0.3782,0.3771,0.378,49960.3,58.23417621071998,0.31952502021743256,0.3305295034453996,3.2034449478163696
2026-06-01 10:31:00+00:00,0.3781,0.3787,0.3776,0.3778,27637.2,56.34965638754631,0.31398720517139067,0.3305295034453996,3.205140789503937
2026-06-01 10:32:00+00:00,0.3778,0.3778,0.3765,0.3772,15126.1,50.86304870622498,0.3205182738361654,0.3305295034453996,3.210239104651611
2026-06-01 10:33:00+00:00,0.3773,0.3785,0.3772,0.3778,62221.5,55.66000503883325,0.32482687748227035,0.3305295034453996,3.205140789503937
2026-06-01 10:34:00+00:00,0.3779,0.3779,0.3761,0.3768,19275.2,47.13811361028103,0.3560925569273935,0.3305295034453996,3.2136470017903065
2026-06-01 10:35:00+00:00,0.3769,0.3771,0.3734,0.3746,115422.4,34.30073493061355,0.4840911381745679,0.3305295034453996,2.468358379905509
2026-06-01 10:36:00+00:00,0.3746,0.3759,0.3744,0.3756,20355.8,42.244595183118264,0.46611403697591725,0.3305295034453996,2.4617866057311066
2026-06-01 10:37:00+00:00,0.3755,0.3765,0.3754,0.3764,13617.3,47.849602509119244,0.4305471462022407,0.3305295034453996,2.4565543281418796
2026-06-01 10:38:00+00:00,0.3764,0.3778,0.3756,0.3762,62781.5,46.5935526554014,0.46157989543971145,0.3305295034453996,2.457860311304103
2026-06-01 10:39:00+00:00,0.3762,0.3766,0.3753,0.3759,86728.7,44.64053278567412,0.4387259519327877,0.3305295034453996,2.459821891760052
2026-06-01 10:40:00+00:00,0.3758,0.3764,0.3752,0.3752,31910.7,40.264892102827325,0.4156014612612703,0.3305295034453996,2.4644111117073657
2026-06-01 10:41:00+00:00,0.3754,0.3768,0.3754,0.3762,22510.1,48.307538033054044,0.4166585183736944,0.3305295034453996,2.457860311304103
2026-06-01 10:42:00+00:00,0.3763,0.3774,0.3763,0.3768,108090.3,52.56523539026522,0.39649030703223914,0.3305295034453996,2.4539465209994784
2026-06-01 10:43:00+00:00,0.3767,0.3767,0.3758,0.3758,50494.4,45.60858178182517,0.37125608874879773,0.3305295034453996,2.4604764478781362
2026-06-01 10:44:00+00:00,0.3757,0.3767,0.3757,0.3766,12479.3,51.33361877120023,0.34948069708294893,0.3305295034453996,2.4552497321099405
2026-06-01 10:45:00+00:00,0.3767,0.3782,0.3767,0.3772,29545.7,55.25809031912624,0.3639754623996571,0.3308356197015764,3.2628931741499816
2026-06-01 10:46:00+00:00,0.3774,0.379,0.3773,0.3789,43634.9,64.31687894039261,0.3848858156076036,0.3308356197015764,3.24825364288565
2026-06-01 10:47:00+00:00,0.3789,0.383,0.3786,0.383,308220.4,76.86760095495913,0.534377515475136,0.3308356197015764,3.2134812148547596
2026-06-01 10:48:00+00:00,0.3828,0.3828,0.3809,0.381,69630.2,64.56000900796869,0.5399823379044133,0.3308356197015764,3.2303498826492727
2026-06-01 10:49:00+00:00,0.381,0.3819,0.3808,0.3811,39774.7,64.8724764631404,0.4896001484997769,0.3308356197015764,3.2295022442649515
2026-06-01 10:50:00+00:00,0.381,0.3819,0.3808,0.3815,34279.5,66.19707112668155,0.44893654855730475,0.3308356197015764,2.4006432702235005
2026-06-01 10:51:00+00:00,0.3816,0.3833,0.3814,0.3822,141578.3,68.50623913654975,0.4579158414957837,0.3308356197015764,2.3962464876773044
2026-06-01 10:52:00+00:00,0.3824,0.3824,0.3807,0.381,50161.2,60.61858768681463,0.45672532203609323,0.3308356197015764,2.4037937207093587
2026-06-01 10:53:00+00:00,0.3811,0.3821,0.3809,0.3814,22836.6,62.22926754425136,0.427923120494496,0.3308356197015764,2.4012726995025315
2026-06-01 10:54:00+00:00,0.3812,0.382,0.3808,0.3817,20076.9,63.474174059429224,0.4049460375302075,0.3308356197015764,2.399385401074838
2026-06-01 10:55:00+00:00,0.3816,0.3825,0.3811,0.3812,28895.2,59.82281597787726,0.3978340032010085,0.3308356197015764,2.402532548767748
2026-06-01 10:56:00+00:00,0.3813,0.3813,0.38,0.38,88820.6,51.86648381056839,0.38769330951626024,0.3308356197015764,2.4101194936585935
2026-06-01 10:57:00+00:00,0.38,0.3805,0.3793,0.3804,45195.9,54.126165830464636,0.37291999498670525,0.3308356197015764,2.4075851934549566
2026-06-01 10:58:00+00:00,0.3803,0.3803,0.3792,0.3792,87106.4,46.80222266681614,0.3625712364830033,0.3308356197015764,2.415204133940574
2026-06-01 10:59:00+00:00,0.3791,0.3802,0.379,0.3801,13236.8,52.192961554734964,0.35251147145352135,0.3308356197015764,2.4094854185484493
2026-06-01 11:00:00+00:00,0.3802,0.3815,0.3802,0.3809,22576.9,56.542330141426646,0.3549269840892282,0.33116295777664895,3.263805415234537
2026-06-01 11:01:00+00:00,0.3809,0.3838,0.3809,0.3836,146412.9,67.59709649133028,0.4331422069647257,0.33116295777664895,3.240832853657026
2026-06-01 11:02:00+00:00,0.3835,0.3843,0.3825,0.3835,147214.0,66.89679959883014,0.44047635064754725,0.33116295777664895,3.241677920893964
2026-06-01 11:03:00+00:00,0.3835,0.3838,0.3825,0.3838,118174.5,68.00179020008198,0.4198492558068444,0.33116295777664895,3.239144040288784
2026-06-01 11:04:00+00:00,0.3839,0.384,0.3823,0.3823,41413.6,57.36391524072177,0.4261326589142929,0.33116295777664895,3.2518532112551273
2026-06-01 11:05:00+00:00,0.3822,0.3825,0.3816,0.3822,62574.7,56.70680842524145,0.3880910842552265,0.33116295777664895,2.477680163187882
2026-06-01 11:06:00+00:00,0.382,0.3829,0.3818,0.3828,25480.5,59.778411842028014,0.3674574971835919,0.33116295777664895,2.4737966519603156
2026-06-01 11:07:00+00:00,0.3828,0.3841,0.3827,0.3837,24688.7,64.03160710905495,0.3662501536030842,0.33116295777664895,2.467994157858766
2026-06-01 11:08:00+00:00,0.3836,0.3853,0.3834,0.3846,229755.0,67.8133295531293,0.39111842732709795,0.33116295777664895,2.4622188205158833
2026-06-01 11:09:00+00:00,0.3845,0.3847,0.384,0.3845,20653.5,66.94437376190308,0.3493870421846582,0.33116295777664895,2.4628591895199183
2026-06-01 11:10:00+00:00,0.3845,0.3845,0.3823,0.3823,120450.9,50.97690012338717,0.3962109709024368,0.33116295777664895,2.477032064793117
2026-06-01 11:11:00+00:00,0.3822,0.3822,0.38,0.3802,173674.8,40.68471655205424,0.4397084780136787,0.33116295777664895,2.4907137253298495
2026-06-01 11:12:00+00:00,0.3801,0.3803,0.3786,0.3789,76339.6,35.72368589093682,0.4427071276659837,0.33116295777664895,2.4992593253375786
2026-06-01 11:13:00+00:00,0.3789,0.3809,0.3788,0.3807,105209.3,45.877025574250425,0.46281424885241074,0.33116295777664895,2.487442496376172
2026-06-01 11:14:00+00:00,0.3807,0.381,0.3798,0.3808,22523.7,46.399674859805316,0.4331793792817484,0.33116295777664895,2.486789281434896
2026-06-01 11:15:00+00:00,0.3807,0.3815,0.3792,0.3794,32090.6,40.33999025856567,0.46906633132417586,0.33149277201069116,3.365270406991625
2026-06-01 11:16:00+00:00,0.3795,0.3813,0.3792,0.3813,28544.5,50.15592532500677,0.4835326852439383,0.33149277201069116,3.348501422535071
2026-06-01 11:17:00+00:00,0.3813,0.3829,0.3813,0.382,94368.9,53.3011825565318,0.46988693797594727,0.33149277201069116,3.342365425163933
2026-06-01 11:18:00+00:00,0.382,0.3826,0.3818,0.3823,8106.1,54.66347870919677,0.4174665138515562,0.33149277201069116,3.339742590668644
2026-06-01 11:19:00+00:00,0.3823,0.3828,0.3817,0.3824,21810.6,55.1480781842401,0.3914172557436185,0.33149277201069116,3.338869227020456
2026-06-01 11:20:00+00:00,0.3824,0.3829,0.3809,0.3812,31742.0,48.268840027126494,0.41905132968805836,0.33149277201069116,2.5269374745318807
2026-06-01 11:21:00+00:00,0.3811,0.3813,0.3806,0.3813,23076.7,48.859518333333696,0.37186963939593454,0.33149277201069116,2.5262747581734932
2026-06-01 11:22:00+00:00,0.3813,0.383,0.3813,0.3828,36936.9,57.03577531244759,0.38514920272031494,0.33149277201069116,2.5163755624126254
2026-06-01 11:23:00+00:00,0.3827,0.3833,0.3817,0.3823,60335.8,53.847252674433165,0.3922262407561315,0.33149277201069116,2.5196666630697173
2026-06-01 11:24:00+00:00,0.3823,0.3826,0.3817,0.3826,7615.0,55.50552915982833,0.360581477974008,0.33149277201069116,2.5176909704431596
2026-06-01 11:25:00+00:00,0.3825,0.3831,0.3801,0.3802,69771.1,42.069423219882,0.4480977874231574,0.33149277201069116,2.533583811918866
2026-06-01 11:26:00+00:00,0.3802,0.3802,0.3774,0.3781,108075.8,34.05483078125205,0.5085782148178443,0.33149277201069116,2.5476555548573203
2026-06-01 11:27:00+00:00,0.3782,0.3783,0.3758,0.3771,128260.1,30.93648645271613,0.5405323214481611,0.33149277201069116,2.554411469879483
2026-06-01 11:28:00+00:00,0.3771,0.3789,0.377,0.3788,69413.2,41.120438000707935,0.5308019818756111,0.33149277201069116,2.5429476380452822
2026-06-01 11:29:00+00:00,0.3787,0.3801,0.3784,0.3797,31013.9,45.82000349867489,0.513179437944653,0.33149277201069116,2.536920108747835
2026-06-01 11:30:00+00:00,0.3796,0.3798,0.378,0.378,44398.2,39.24570817931773,0.5076280054763712,0.3318130858179291,3.3957205622473876
2026-06-01 11:31:00+00:00,0.3783,0.3795,0.3776,0.3786,76896.8,42.482070628886184,0.5058286023667589,0.3318130858179291,3.390339071657455
2026-06-01 11:32:00+00:00,0.3785,0.3792,0.3781,0.379,53212.3,44.66551578763365,0.462283290461329,0.3318130858179291,3.3867608773865765
2026-06-01 11:33:00+00:00,0.3791,0.3792,0.3777,0.3779,43191.3,40.023139089600484,0.4502892131989283,0.3318130858179291,3.3966191387391174
2026-06-01 11:34:00+00:00,0.378,0.3795,0.378,0.3793,28971.3,47.708927352825455,0.4432676903092533,0.3318130858179291,3.3840821843646522
2026-06-01 11:35:00+00:00,0.3793,0.3795,0.3785,0.3785,13203.3,44.11927421524025,0.40820382548861256,0.3318130858179291,2.582473226823628
2026-06-01 11:36:00+00:00,0.3784,0.3784,0.3771,0.3779,52949.6,41.516185154002606,0.4011752271975446,0.3318130858179291,2.5865734753975738
2026-06-01 11:37:00+00:00,0.3781,0.3783,0.377,0.3774,28136.1,39.365613409923796,0.39025780256057807,0.3318130858179291,2.5900003083008563
2026-06-01 11:38:00+00:00,0.3775,0.3778,0.3764,0.3771,52794.7,38.05154629797096,0.3867054779875099,0.3318130858179291,2.5920607699621936
2026-06-01 11:39:00+00:00,0.3771,0.3774,0.3743,0.3751,216488.0,30.507931316236036,0.47630314209349994,0.3318130858179291,2.6058814085650313
2026-06-01 11:40:00+00:00,0.3751,0.3767,0.3733,0.3742,130959.2,27.75659663249865,0.5636799756264476,0.3318130858179291,2.6121488945824245
2026-06-01 11:41:00+00:00,0.3743,0.3756,0.3739,0.3756,76790.6,37.49889401554726,0.5397849773789481,0.3318130858179291,2.6024124503534165
2026-06-01 11:42:00+00:00,0.3756,0.376,0.3753,0.3756,16504.0,37.49889401554725,0.4691016773238176,0.3318130858179291,2.6024124503534165
2026-06-01 11:43:00+00:00,0.3756,0.3764,0.3756,0.3763,15555.3,42.30186482572419,0.41710250332782667,0.3318130858179291,2.597571396100832
2026-06-01 11:44:00+00:00,0.3762,0.3763,0.3754,0.3756,77310.1,38.97407738401821,0.3822272034126975,0.3318130858179291,2.6024124503534165
2026-06-01 11:45:00+00:00,0.3754,0.376,0.375,0.376,13207.0,41.87717870963913,0.35864795234427493,0.332104028769305,3.373428371618687
2026-06-01 11:46:00+00:00,0.3758,0.3766,0.3753,0.3755,87855.8,39.28176644359244,0.35654142227738284,0.332104028769305,3.377920286893812
2026-06-01 11:47:00+00:00,0.3755,0.3756,0.374,0.3751,95104.9,37.23070945638163,0.37084788923520556,0.332104028769305,3.3815224412919926
2026-06-01 11:48:00+00:00,0.3753,0.3757,0.3741,0.3741,81480.7,32.51480146072236,0.3830099828968198,0.332104028769305,3.3905615282775368
2026-06-01 11:49:00+00:00,0.374,0.3742,0.3723,0.3728,211128.7,27.48588345037736,0.40940779957446183,0.332104028769305,3.40238483832786
2026-06-01 11:50:00+00:00,0.3728,0.3731,0.3719,0.3725,95773.3,26.4374325005725,0.392219549382784,0.332104028769305,2.526365080955857
2026-06-01 11:51:00+00:00,0.3725,0.373,0.372,0.3723,43892.0,25.710953880559906,0.3676643183348634,0.332104028769305,2.5277222472631125
2026-06-01 11:52:00+00:00,0.3723,0.3731,0.3722,0.3731,27100.6,33.79637780692657,0.3417452172952452,0.332104028769305,2.5223023121309485
2026-06-01 11:53:00+00:00,0.3732,0.3742,0.3725,0.373,73765.0,33.29310916407574,0.3646222854109501,0.332104028769305,2.5229785325899647
2026-06-01 11:54:00+00:00,0.3729,0.3731,0.372,0.373,59302.8,33.29310916407574,0.3506790615727274,0.332104028769305,2.5229785325899647
2026-06-01 11:55:00+00:00,0.3731,0.3735,0.3726,0.3729,10232.8,32.69209127452991,0.32888879585224484,0.332104028769305,2.523655115730911
2026-06-01 11:56:00+00:00,0.373,0.3737,0.3729,0.3737,36746.8,41.99919479881441,0.3053628728355393,0.332104028769305,2.518252589392713
2026-06-01 11:57:00+00:00,0.3735,0.3738,0.3711,0.372,105978.7,31.66199072924765,0.3905679689863267,0.332104028769305,2.5297607329463894
2026-06-01 11:58:00+00:00,0.3719,0.3732,0.3717,0.3725,81829.5,36.74949402050408,0.3925718860948479,0.332104028769305,2.526365080955857
2026-06-01 11:59:00+00:00,0.3725,0.3734,0.3713,0.3734,54957.6,44.94653380676625,0.42578045542652515,0.332104028769305,2.520275823931593
2026-06-01 12:00:00+00:00,0.3735,0.3744,0.3732,0.3732,50516.0,43.552880034076125,0.40511558854504903,0.3323784206047249,3.2568671706214944
2026-06-01 12:01:00+00:00,0.3732,0.3737,0.3723,0.3726,172730.1,39.47308364206558,0.39976197025230537,0.3323784206047249,3.262111723231191
2026-06-01 12:02:00+00:00,0.3726,0.3729,0.3713,0.3728,123589.8,41.50260837336119,0.40547491441203587,0.3323784206047249,3.2603616632938346
2026-06-01 12:03:00+00:00,0.3729,0.3734,0.372,0.3725,32021.7,39.305996340735774,0.3998089623469686,0.3323784206047249,3.262987457921991
2026-06-01 12:04:00+00:00,0.3726,0.3735,0.3722,0.3728,27296.2,42.67703770820152,0.38933227140396226,0.3323784206047249,3.2603616632938346
2026-06-01 12:05:00+00:00,0.3727,0.3728,0.371,0.3728,79541.3,42.67703770820152,0.4080323407283213,0.3323784206047249,2.3756668294896133
2026-06-01 12:06:00+00:00,0.3726,0.3733,0.3719,0.372,16980.3,36.079748660015206,0.4023966809107925,0.3323784206047249,2.3807757904132463
2026-06-01 12:07:00+00:00,0.372,0.3722,0.3693,0.3702,341069.0,26.022815946948004,0.48015465218544306,0.3323784206047249,2.3923516856664717
2026-06-01 12:08:00+00:00,0.37,0.3703,0.3649,0.3688,660096.5,20.971124834722087,0.6784235406487015,0.3323784206047249,2.401433281002516
2026-06-01 12:09:00+00:00,0.3687,0.3705,0.3686,0.3698,66725.9,31.521463960407804,0.6440294251838647,0.3323784206047249,2.3949394105833632
2026-06-01 12:10:00+00:00,0.3699,0.3713,0.3696,0.3702,44137.4,35.356946113515306,0.6065090900767024,0.3323784206047249,2.3923516856664717
2026-06-01 12:11:00+00:00,0.3704,0.3708,0.3692,0.3694,77307.7,31.443303590360337,0.5728850355092504,0.3323784206047249,2.3975327396689976
2026-06-01 12:12:00+00:00,0.3694,0.3712,0.3692,0.3705,28342.7,41.359873828949794,0.5649095430329115,0.3323784206047249,2.3904145587954866
2026-06-01 12:13:00+00:00,0.3704,0.3709,0.3697,0.3708,60336.4,43.82229134690968,0.5162869162755006,0.3323784206047249,2.3884805664340014
2026-06-01 12:14:00+00:00,0.3709,0.3735,0.3709,0.3725,70353.6,55.56946729391336,0.5561110089770849,0.3323784206047249,2.3775801182113496
2026-06-01 12:15:00+00:00,0.3726,0.3735,0.3718,0.372,95421.9,52.014983865933196,0.5368846254708896,0.33264500917213535,3.0974117243123436
2026-06-01 12:16:00+00:00,0.3719,0.3735,0.3718,0.373,31459.8,57.98688524113241,0.5195090202148427,0.33264500917213535,3.0891076714321497
2026-06-01 12:17:00+00:00,0.373,0.3742,0.3729,0.373,22492.9,57.98688524113241,0.48531231000565245,0.33264500917213535,3.0891076714321497
2026-06-01 12:18:00+00:00,0.373,0.3732,0.3697,0.3711,176951.0,44.88399579482605,0.5788660557954373,0.33264500917213535,3.1049236363357364
2026-06-01 12:19:00+00:00,0.371,0.3724,0.3702,0.3722,40881.1,51.87872626674094,0.5799402327903013,0.33264500917213535,3.0957473440198595
2026-06-01 12:20:00+00:00,0.3721,0.3735,0.3716,0.3734,33173.2,58.29429008551613,0.5642287191099099,0.33264500917213535,2.2279682758602894
2026-06-01 12:21:00+00:00,0.3735,0.3752,0.3734,0.3744,23781.6,62.87694982320511,0.5463312045205974,0.33264500917213535,2.2220175058927136
2026-06-01 12:22:00+00:00,0.3747,0.375,0.3736,0.3739,40608.1,59.259460310272935,0.512535764584139,0.33264500917213535,2.2249889120252258
2026-06-01 12:23:00+00:00,0.3737,0.3742,0.3735,0.3736,12783.0,57.070508027364674,0.4478310971691842,0.33264500917213535,2.2267755733571524
2026-06-01 12:24:00+00:00,0.3737,0.3743,0.3728,0.3729,24257.8,52.08273522918453,0.43938792792149584,0.33264500917213535,2.2309556294079704
2026-06-01 12:25:00+00:00,0.3729,0.3734,0.3729,0.3729,26805.5,52.08273522918453,0.37832718331332965,0.33264500917213535,2.2309556294079704
2026-06-01 12:26:00+00:00,0.3728,0.3732,0.3711,0.3725,74464.2,49.058037192650986,0.41573843040545594,0.33264500917213535,2.2333512864596834
2026-06-01 12:27:00+00:00,0.3724,0.3724,0.371,0.3724,82606.7,48.279201549443655,0.41323859361124027,0.33264500917213535,2.2339510048502476
2026-06-01 12:28:00+00:00,0.3724,0.3747,0.3724,0.3747,64187.0,63.20676562548645,0.4513265060279159,0.33264500917213535,2.2202384686582124
2026-06-01 12:29:00+00:00,0.3748,0.3752,0.3741,0.3741,41822.9,58.32725605459671,0.42044809796024557,0.33264500917213535,2.223799396434729
2026-06-01 12:30:00+00:00,0.3743,0.3747,0.374,0.3741,48003.0,58.32725605459671,0.37378162725886627,0.33292045761617434,2.9600956916471954
2026-06-01 12:31:00+00:00,0.374,0.3743,0.3733,0.3733,69251.5,51.75091460579472,0.3532423396893477,0.33292045761617434,2.966439320238992
2026-06-01 12:32:00+00:00,0.3733,0.3744,0.3732,0.3737,20123.6,54.59500832543694,0.34651402816384136,0.33292045761617434,2.9632641109050466
2026-06-01 12:33:00+00:00,0.3736,0.3736,0.3719,0.3719,42614.9,42.16708861265561,0.3753531429412782,0.33292045761617434,2.9776063410734492
2026-06-01 12:34:00+00:00,0.3719,0.3725,0.371,0.372,72998.6,42.96848138966082,0.38084695453733636,0.33292045761617434,2.9768059092613326
2026-06-01 12:35:00+00:00,0.3721,0.3726,0.3717,0.3717,37969.3,41.07138890817612,0.3533496197748494,0.33292045761617434,2.1964725500923667
2026-06-01 12:36:00+00:00,0.3717,0.3725,0.3713,0.372,18066.0,43.82703437223761,0.3469678573555075,0.33292045761617434,2.194701201261647
2026-06-01 12:37:00+00:00,0.3721,0.3726,0.3718,0.372,26763.6,43.82703437223762,0.32058503857257636,0.33292045761617434,2.194701201261647
2026-06-01 12:38:00+00:00,0.3719,0.373,0.3713,0.373,33197.8,52.892339018944,0.34693326401929836,0.33292045761617434,2.188817283831991
2026-06-01 12:39:00+00:00,0.373,0.3742,0.373,0.374,26152.8,60.05500798258904,0.340975630971546,0.33292045761617434,2.182964831201424
2026-06-01 12:40:00+00:00,0.374,0.374,0.3724,0.3724,25448.8,47.27589820232435,0.35988160254212237,0.33292045761617434,2.1923438422914407
2026-06-01 12:41:00+00:00,0.3726,0.3732,0.3721,0.373,9704.2,51.5698389157489,0.3464233968615252,0.33292045761617434,2.188817283831991
2026-06-01 12:42:00+00:00,0.3731,0.3736,0.3727,0.3733,50371.0,53.66622853754761,0.3251345877939441,0.33292045761617434,2.187058255744261
2026-06-01 12:43:00+00:00,0.3732,0.3732,0.3719,0.3726,12270.2,48.25122542220304,0.3357439433676429,0.33292045761617434,2.1911670608409355
2026-06-01 12:44:00+00:00,0.3725,0.3748,0.3723,0.3747,35678.5,61.27569425315964,0.40052990295977325,0.33292045761617434,2.1788867010123636
2026-06-01 12:45:00+00:00,0.3748,0.3759,0.3741,0.3741,80611.3,56.741982523826316,0.4171687883218982,0.33319806254895723,2.924442073382053
2026-06-01 12:46:00+00:00,0.3742,0.3743,0.3729,0.3732,24591.0,50.51299410639213,0.4095666531859002,0.33319806254895723,2.9314945864207553
2026-06-01 12:47:00+00:00,0.3733,0.3739,0.3732,0.3736,12737.5,53.05778203371659,0.3647757493982415,0.33319806254895723,2.928355941253282
2026-06-01 12:48:00+00:00,0.3736,0.3738,0.3728,0.3738,7682.0,54.36160397347607,0.34516901011275136,0.33319806254895723,2.9267891376464044
2026-06-01 12:49:00+00:00,0.3738,0.374,0.3734,0.374,21348.2,55.727892331066705,0.3080731037008474,0.33319806254895723,2.92522400976531
2026-06-01 12:50:00+00:00,0.3741,0.3754,0.3741,0.375,18439.3,62.04113780469278,0.3204679270061168,0.33319806254895723,2.185711851286243
2026-06-01 12:51:00+00:00,0.3752,0.3755,0.3747,0.3751,59910.7,62.63319804736652,0.2989612852621581,0.33319806254895723,2.1851291501795282
2026-06-01 12:52:00+00:00,0.3751,0.3753,0.3744,0.3746,37836.2,57.63867315043705,0.28753951543371237,0.33319806254895723,2.188045766770798
2026-06-01 12:53:00+00:00,0.3748,0.3748,0.3736,0.374,24241.0,52.09930463213909,0.2945717700138385,0.33319806254895723,2.1915560006212327
2026-06-01 12:54:00+00:00,0.3739,0.3742,0.3735,0.3738,21379.4,50.30859683714707,0.2732366869666668,0.33319806254895723,2.192728582751046
2026-06-01 12:55:00+00:00,0.3739,0.3744,0.3738,0.3739,9196.9,51.23967656270422,0.25062503041056916,0.33319806254895723,2.1921421348818964
2026-06-01 12:56:00+00:00,0.3739,0.3745,0.3732,0.3735,42773.6,47.300639192511966,0.2703265303786076,0.33319806254895723,2.1944898105283563
2026-06-01 12:57:00+00:00,0.3733,0.3734,0.3728,0.3728,9853.7,41.14964455051163,0.25422094226697295,0.33319806254895723,2.198610365430099
2026-06-01 12:58:00+00:00,0.3728,0.373,0.3719,0.3726,57441.0,39.51822661448559,0.26253047187788997,0.33319806254895723,2.1997905105537874
2026-06-01 12:59:00+00:00,0.3726,0.3739,0.3726,0.3738,19626.2,52.162096636085955,0.27890605419304954,0.33319806254895723,2.192728582751046
2026-06-01 13:00:00+00:00,0.3738,0.375,0.3733,0.375,52264.5,61.179375726815636,0.313077510522371,0.3334678428642466,2.9051260253911693
2026-06-01 13:01:00+00:00,0.375,0.3755,0.3737,0.3737,28347.7,49.86525060559632,0.3476672549015568,0.3334678428642466,2.915232163558171
2026-06-01 13:02:00+00:00,0.3737,0.3741,0.372,0.3725,56513.5,41.91500042617624,0.39178148328958184,0.3334678428642466,2.9246235154944658
2026-06-01 13:03:00+00:00,0.3726,0.3726,0.3714,0.372,49128.1,39.03382223901419,0.3783625860760617,0.3334678428642466,2.9285544610798078
2026-06-01 13:04:00+00:00,0.3719,0.3727,0.3707,0.3726,92013.9,44.15234157926186,0.40955637578163184,0.3334678428642466,2.923838592382417
2026-06-01 13:05:00+00:00,0.3728,0.3731,0.3722,0.3729,18386.0,46.64113833193181,0.37565182218554316,0.3334678428642466,2.20658002711511
2026-06-01 13:06:00+00:00,0.3729,0.3738,0.3728,0.3731,28499.1,48.34624895167412,0.3539652950801159,0.3334678428642466,2.2053971913996904
2026-06-01 13:07:00+00:00,0.3732,0.3744,0.3732,0.3744,17749.9,58.03203300628217,0.35163344357776033,0.3334678428642466,2.197739562262886
2026-06-01 13:08:00+00:00,0.3745,0.3747,0.3741,0.3742,13685.5,56.22966870956784,0.3135255184938818,0.3334678428642466,2.1989141959145497
2026-06-01 13:09:00+00:00,0.3743,0.3749,0.3743,0.3748,18621.1,60.335966248681714,0.28777214305317267,0.3334678428642466,2.1953940557930216
2026-06-01 13:10:00+00:00,0.375,0.3754,0.3743,0.3747,61044.0,59.305644537518354,0.28899279256221805,0.3334678428642466,2.1959799629336123
2026-06-01 13:11:00+00:00,0.3748,0.3753,0.3737,0.3746,64354.5,58.20134449919935,0.3166804044272595,0.3334678428642466,2.1965661828916834
2026-06-01 13:12:00+00:00,0.3746,0.3747,0.3734,0.3736,54857.1,48.22406071570355,0.3236155877911148,0.3334678428642466,2.202445642695997
2026-06-01 13:13:00+00:00,0.3736,0.3743,0.3727,0.3728,50694.7,41.847375084770874,0.34528494334498205,0.3334678428642466,2.2071719208992073
2026-06-01 13:14:00+00:00,0.3727,0.3751,0.3722,0.3744,46951.7,55.05442117602226,0.42996202324574706,0.3334678428642466,2.197739562262886
2026-06-01 13:15:00+00:00,0.3744,0.3763,0.3738,0.3757,88871.3,62.70169040727068,0.4758643204752894,0.33373981733026487,2.9140488637996067
2026-06-01 13:16:00+00:00,0.3756,0.3775,0.3752,0.3767,96795.8,67.4370911157063,0.5017939478684721,0.33373981733026487,2.906313135464593
2026-06-01 13:17:00+00:00,0.3768,0.3793,0.3766,0.3787,384026.7,74.60256514868723,0.541908170397791,0.33373981733026487,2.8909642411658627
2026-06-01 13:18:00+00:00,0.3787,0.3798,0.3783,0.379,139239.7,75.50106435733677,0.5123390482947621,0.33373981733026487,2.888675878969689
2026-06-01 13:19:00+00:00,0.379,0.38,0.3788,0.3798,95209.3,77.82545338048732,0.4721990506660648,0.33373981733026487,2.882591253632207
2026-06-01 13:20:00+00:00,0.38,0.3809,0.3796,0.3803,72036.7,79.19615437931378,0.4456296596223444,0.33373981733026487,2.1545088458862174
2026-06-01 13:21:00+00:00,0.3804,0.3812,0.3782,0.3788,285608.9,65.66588282870063,0.5163103686470488,0.33373981733026487,2.163040427905302
2026-06-01 13:22:00+00:00,0.3788,0.3805,0.3787,0.3803,58637.5,71.14362602035264,0.5060812361682938,0.33373981733026487,2.1545088458862174
2026-06-01 13:23:00+00:00,0.3803,0.3805,0.3797,0.3798,168484.7,67.17431383318818,0.44752542204276513,0.33373981733026487,2.1573452187744295
2026-06-01 13:24:00+00:00,0.3797,0.3797,0.3776,0.378,47594.0,54.918136300142294,0.47612731278696946,0.33373981733026487,2.167618291244784
2026-06-01 13:25:00+00:00,0.378,0.3784,0.3768,0.3772,74209.8,50.37897032006957,0.4665453324145795,0.33373981733026487,2.17221557288051
2026-06-01 13:26:00+00:00,0.3773,0.3774,0.3738,0.3738,241494.8,36.235852092492046,0.5692475107261192,0.33373981733026487,2.1919735529441637
2026-06-01 13:27:00+00:00,0.3737,0.375,0.3726,0.3749,166454.4,42.0809106764157,0.5820959605429153,0.33373981733026487,2.1855420487877524
2026-06-01 13:28:00+00:00,0.375,0.3758,0.3745,0.3747,57921.9,41.3158017068822,0.5353141726341917,0.33373981733026487,2.186708604458309
2026-06-01 13:29:00+00:00,0.3747,0.3747,0.3734,0.3743,44602.2,39.71130152432575,0.4981719914208513,0.33373981733026487,2.1890454557588255
2026-06-01 13:30:00+00:00,0.3744,0.3751,0.3732,0.3739,111337.3,38.06863871611718,0.5005954028110724,0.33400932020514684,2.912175953389959
2026-06-01 13:31:00+00:00,0.3738,0.3753,0.3731,0.3747,45391.2,43.28227347767979,0.5170485638880403,0.33400932020514684,2.9059583372631588
2026-06-01 13:32:00+00:00,0.3745,0.3751,0.3742,0.3751,29761.9,45.81638347005605,0.4611849573742447,0.33400932020514684,2.9028594747334195
